,apps,assists,fouls_commited,fouls_suffered,goals,minutes,offsides,own_goals,penalties_in,penalties_mi,red_cards,yellow_cards
Aaron Hunt,6,0,7,8,0,540,2,0,0,0,0,0
Aaron Lennon,4,2,3,7,0,360,0,0,0,0,0,0
Aaron Ramsey,11,1,11,9,0,990,1,0,0,0,0,0
Abdeslam Ouaddou,1,0,1,1,0,90,0,0,0,0,0,0
Abdou Traoré,3,0,6,3,0,270,0,0,0,0,0,0
Abdoulay Konko,2,0,4,3,0,180,0,0,0,0,0,0
Abdoulaye Ba,1,0,1,0,0,90,0,0,0,0,0,0
Abel,7,0,6,6,0,630,1,0,0,0,0,0
Abou Diaby,6,1,10,7,0,540,0,0,0,0,0,0
Adam Johnson,1,0,0,2,0,90,0,0,0,0,0,0
Adam Lallana,1,0,3,0,0,90,1,0,0,0,0,0
Adam Matthews,3,0,0,1,0,270,0,0,0,0,0,0
Adama Coulibaly,3,0,3,2,0,270,0,0,0,0,0,0
Adamo Coulibaly,2,0,5,5,0,180,5,0,0,0,0,0
Adel Taarabt,1,0,0,2,0,90,0,0,0,0,0,0
Adem Ljajić,1,0,0,1,0,90,1,0,0,0,0,0
Adil Rami,7,0,8,4,0,630,2,0,0,0,0,0
Admir Vladavić,2,0,1,4,0,180,1,0,0,0,0,0
Adnan Januzaj,1,0,0,4,0,90,1,0,0,0,0,0
Adrian Mierzejewski,1,0,2,1,0,90,0,0,0,0,0,0
Adrian Mutu,5,0,13,12,0,450,5,0,0,0,0,0
Adrian Neaga,2,0,1,3,0,180,2,0,0,0,0,0
Adrian Nikci,1,0,4,0,0,90,1,0,0,0,0,0
Adrian Popa,3,1,2,2,0,270,1,0,0,0,0,0
Adrian Sălăgeanu,2,0,4,3,0,180,0,0,0,0,0,0
Adriano,23,3,32,25,0,2070,4,0,0,0,0,0
Adrien Rabiot,4,0,11,7,0,360,0,0,0,0,0,0
Adrien Silva,4,0,7,6,0,360,0,0,0,0,0,0
Adrián Calello,4,0,5,1,0,360,0,0,0,0,0,0
Adrián López,6,2,2,5,0,540,3,0,0,0,0,0
Agim Ibraimi,3,0,4,2,0,270,6,0,0,0,0,0
Ahmed Barusso,1,0,3,0,0,90,0,0,0,0,0,0
Ahmed Hamoudi,1,0,1,3,0,90,0,0,0,0,0,0
Ahmed Hassan,2,0,3,6,0,180,0,0,0,0,0,0
Ahmed Musa,6,2,10,7,0,540,3,0,0,0,0,0
Aiden McGeady,11,2,2,23,0,990,2,0,0,0,0,0
Ak Orhan,1,0,1,5,0,90,0,0,0,0,0,0
Akis Zikos,2,0,4,5,0,180,0,0,0,0,0,0
Alain Rochat,3,0,4,3,0,270,0,0,0,0,0,0
Alaixys Romao,2,0,5,0,0,180,0,0,0,0,0,0
Alan,6,0,9,14,0,540,4,0,0,0,0,0
Alan Dzagoev,9,0,14,15,0,810,1,0,0,0,0,0
Alan Hutton,6,1,7,9,0,540,0,0,0,0,0,0
Alan Kardec,1,0,2,2,0,90,0,0,0,0,0,0
Alan Kasaev,2,0,1,6,0,180,0,0,0,0,0,0
Alan Smith,1,0,4,3,0,90,2,0,0,0,0,0
Alanzinho,2,0,4,2,0,180,0,0,0,0,0,0
Albert Jorquera,2,0,0,0,0,180,0,0,0,0,0,0
Albert Riera,12,0,10,15,0,1080,2,0,0,0,0,0
Alberto Aquilani,8,0,20,6,0,720,0,0,0,0,0,0
Alberto Botía,3,1,3,2,0,270,0,0,0,0,0,0
Alberto Gilardino,9,5,16,19,0,810,16,0,0,0,0,0
Alberto Moreno,2,0,1,1,0,180,0,0,0,0,0,0
Alberto Rodríguez,2,0,1,0,0,180,0,0,0,0,0,0
Alberto de la Bella,2,0,0,2,0,180,0,0,0,0,0,0
Alcides,3,0,5,3,0,270,3,0,0,0,0,0
Alecsandro,1,0,1,0,0,90,0,0,0,0,0,0
Alejandro Alonso,2,0,2,2,0,180,0,0,0,0,0,0
Alejandro Domínguez,10,0,11,18,0,900,3,0,0,0,0,0
Aleksandar Aleksandrov,1,0,0,1,0,90,0,0,0,0,0,0
Aleksandar Dragovic,4,0,0,6,0,360,0,0,0,0,0,0
Aleksandar Kolarov,6,0,6,11,0,540,3,0,0,0,0,0
Aleksandar Lazevski,3,0,0,7,0,270,0,0,0,0,0,0
Aleksandar Miljković,1,0,2,2,0,90,0,0,0,0,0,0
Aleksandar Mitrović,5,0,8,13,0,450,11,0,0,0,0,0
Aleksander Rajčević,3,0,0,0,0,270,0,0,0,0,0,0
Aleksandr Anyukov,15,0,12,29,0,1350,2,0,0,0,0,0
Aleksandr Bukharov,4,1,7,9,0,360,3,0,0,0,0,0
Aleksandr Gutor,3,0,0,0,0,270,0,0,0,0,0,0
Aleksandr Hleb,17,3,20,39,0,1530,1,0,0,0,0,0
Aleksandr Karnitski,3,0,4,10,0,270,0,0,0,0,0,0
Aleksandr Kerzhakov,8,1,1,6,0,720,13,0,0,0,0,0
Aleksandr Pavlov,3,0,5,2,0,270,0,0,0,0,0,0
Aleksandr Ryazantsev,7,0,11,8,0,630,0,0,0,0,0,0
Aleksandr Sheshukov,3,0,6,4,0,270,0,0,0,0,0,0
Aleksandr Volodko,10,1,11,18,0,900,2,0,0,0,0,0
Aleksandr Yurevich,5,0,5,4,0,450,0,0,0,0,0,0
Aleksandrs Cauņa,2,0,4,5,0,180,0,0,0,0,0,0
Aleksei Berezutski,19,0,16,9,0,1710,0,0,0,0,0,0
Aleksei Zuev,1,0,0,0,0,90,0,0,0,0,0,0
Alessandro Del Piero,4,0,17,13,0,360,2,0,0,0,0,0
Alessandro Gamberini,5,0,1,4,0,450,0,0,0,0,0,0
Alessandro Matri,4,1,1,1,0,360,5,0,0,0,0,0
Alessandro Nesta,18,0,14,18,0,1620,0,0,0,0,0,0
Alex,31,7,22,19,0,2790,1,0,0,0,0,0
Alex Oxlade-Chamberlain,8,2,6,3,0,720,1,0,0,0,0,0
Alex Sandro,10,2,18,17,0,900,1,0,0,0,0,0
Alex Song,20,4,51,29,0,1800,0,0,0,0,0,0
Alex Teixeira,11,1,5,17,0,990,5,0,0,0,0,0
Alex Telles,4,0,7,2,0,360,0,0,0,0,0,0
Alexander Baumjohann,2,0,1,3,0,180,0,0,0,0,0,0
Alexander Büttner,4,0,5,4,0,360,0,0,0,0,0,0
Alexander Farnerud,2,0,3,1,0,180,1,0,0,0,0,0
Alexander Frei,7,0,11,11,0,630,12,0,0,0,0,0
Alexander Laas,1,0,3,2,0,90,0,0,0,0,0,0
Alexander Madlung,2,0,3,0,0,180,0,0,0,0,0,0
Alexander Manninger,2,0,0,0,0,180,0,0,0,0,0,0
Alexander Tettey,3,0,6,1,0,270,0,0,0,0,0,0
Alexandre Alphonse,3,0,9,2,0,270,5,0,0,0,0,0
Alexandre Lacazette,1,0,2,2,0,90,1,0,0,0,0,0
Alexandros Tziolis,1,0,1,4,0,90,0,0,0,0,0,0
Alexandros Tzorvas,4,0,0,0,0,360,0,0,0,0,0,0
Alexandru Bourceanu,3,0,4,2,0,270,0,0,0,0,0,0
Alexandru Chipciu,1,0,0,0,0,90,0,0,0,0,0,0
Alexis Sánchez,9,2,11,23,0,810,4,0,0,0,0,0
Aleš Mertelj,3,0,2,4,0,270,0,0,0,0,0,0
Ali Osman,1,0,10,6,0,90,0,0,0,0,0,0
Ali Tandoğan,4,0,3,2,0,360,2,0,0,0,0,0
Allan McGregor,9,0,0,0,0,810,0,0,0,0,0,0
Almami Moreira,2,0,0,8,0,180,1,0,0,0,0,0
Alou Diarra,15,0,37,15,0,1350,0,0,0,0,0,0
Altin Haxhi,1,0,0,2,0,90,0,0,0,0,0,0
Aly Cissokho,17,0,25,10,0,1530,0,0,0,0,0,0
Amauri,3,1,3,8,0,270,4,0,0,0,0,0
Anatoliy Tymoshchuk,12,0,21,11,0,1080,0,0,0,0,0,0
Ander Iturraspe,2,0,1,4,0,180,0,0,0,0,0,0
Anders Due,1,0,3,3,0,90,0,0,0,0,0,0
Anderson,20,2,31,27,0,1800,4,0,0,0,0,0
Anderson Polga,10,0,7,9,0,900,1,0,0,0,0,0
Andoni Iraola,1,0,1,1,0,90,0,0,0,0,0,0
Andrea Barzagli,10,0,7,7,0,900,0,0,0,0,0,0
Andrea Dossena,3,1,6,3,0,270,2,0,0,0,0,0
Andrea Pirlo,30,8,40,35,0,2700,0,0,0,0,0,0
Andrea Poli,2,0,2,2,0,180,0,0,0,0,0,0
Andrea Raggi,4,0,2,4,0,360,1,0,0,0,0,0
Andrea Ranocchia,4,0,4,5,0,360,0,0,0,0,0,0
Andreas Beck,1,1,2,2,0,90,0,0,0,0,0,0
Andreas Constantinou,3,0,3,2,0,270,0,0,0,0,0,0
Andreas Hinkel,3,0,4,1,0,270,0,0,0,0,0,0
Andreas Isaksson,3,0,0,0,0,270,0,0,0,0,0,0
Andreas Johansson,3,0,6,7,0,270,0,0,0,0,0,0
Andreas Laudrup,1,0,2,3,0,90,0,0,0,0,0,0
Andreas Ottl,7,0,10,4,0,630,0,0,0,0,0,0
Andreas Samaris,5,0,7,6,0,450,0,0,0,0,0,0
Andrei Gorbunov,3,0,0,1,0,270,0,0,0,0,0,0
Andrei Prepeliţă,1,0,1,2,0,90,0,0,0,0,0,0
Andreu Fontàs,2,0,0,4,0,180,0,0,0,0,0,0
Andrey Arshavin,12,8,14,11,0,1080,6,0,0,0,0,0
Andriy Dykan,4,0,0,0,0,360,0,0,0,0,0,0
Andriy Nesmachniy,7,0,16,14,0,630,0,0,0,0,0,0
Andriy Pyatov,22,0,0,4,0,1980,0,0,0,0,0,0
Andriy Shevchenko,11,3,21,14,0,990,9,0,0,0,0,0
Andriy Voronin,2,2,1,4,0,180,3,0,0,0,0,0
Andriy Yarmolenko,5,0,3,4,0,450,2,0,0,0,0,0
André Almeida,6,2,10,10,0,540,0,0,0,0,0,0
André Ayew,10,0,14,30,0,900,2,0,0,0,0,0
André Bergdølmo,1,0,0,0,0,90,0,0,0,0,0,0
André Carrillo,1,0,1,2,0,90,0,0,0,0,0,0
André Ooijer,1,0,1,0,0,90,0,0,0,0,0,0
André Santos,4,0,10,6,0,360,0,0,0,0,0,0
André Schürrle,5,0,4,5,0,450,0,0,0,0,0,0
André-Pierre Gignac,4,0,7,3,0,360,8,0,0,0,0,0
Andrés Fernández,1,0,0,0,0,90,0,0,0,0,0,0
Andrés Guardado,5,0,9,13,0,450,1,0,0,0,0,0
Andrés Iniesta,39,14,35,81,0,3510,5,0,0,0,0,0
Andrés Madrid,1,0,3,2,0,90,0,0,0,0,0,0
Andrés Palop,7,0,0,1,0,630,0,0,0,0,0,0
Andy Najar,3,0,3,3,0,270,0,0,0,0,0,0
Anele Ngongca,3,0,1,2,0,270,0,0,0,0,0,0
Anri Khagush,4,0,10,8,0,360,0,0,0,0,0,0
Ante Puljić,1,0,0,0,0,90,1,0,0,0,0,0
Ante Rukavina,3,0,3,2,0,270,2,0,0,0,0,0
Anthony Limbombe,1,0,1,1,0,90,0,0,0,0,0,0
Anthony Martial,2,0,5,0,0,180,0,0,0,0,0,0
Anthony Mounier,4,0,4,4,0,360,1,0,0,0,0,0
Anthony Réveillère,23,0,28,11,0,2070,1,0,0,0,0,0
Anthony Stokes,2,0,3,3,0,180,0,0,0,0,0,0
Anthony Vanden Borre,8,1,12,8,0,720,0,0,0,0,0,0
Antoine Griezmann,6,0,7,9,0,540,3,0,0,0,0,0
Anton Tinnerholm,3,0,3,4,0,270,0,0,0,0,0,0
Antonio Adán,2,0,0,0,0,180,0,0,0,0,0,0
Antonio Barragán,2,0,6,0,0,180,0,0,0,0,0,0
Antonio Cassano,2,0,1,4,0,180,1,0,0,0,0,0
Antonio López,3,0,4,7,0,270,2,0,0,0,0,0
Antonio Nocerino,6,1,12,10,0,540,1,0,0,0,0,0
Antonio Valencia,14,4,30,16,0,1260,7,0,0,0,0,0
Antonis Nikopolidis,11,0,0,2,0,990,0,0,0,0,0,0
Antunes,3,0,0,5,0,270,0,0,0,0,0,0
António Semedo,3,0,6,4,0,270,2,0,0,0,0,0
Anwar El Ghazi,1,0,3,1,0,90,0,0,0,0,0,0
Aquivaldo Mosquera,1,0,0,0,0,90,0,0,0,0,0,0
Arda Turan,9,3,16,18,0,810,3,0,0,0,0,0
Arghus,3,0,4,0,0,270,0,0,0,0,0,0
Ari,6,1,13,12,0,540,1,0,0,0,0,0
Ariel Ibagaza,4,1,5,7,0,360,0,0,0,0,0,0
Arijan Ademi,3,0,4,4,0,270,0,0,0,0,0,0
Aritz Aduriz,4,0,4,8,0,360,4,0,0,0,0,0
Arjan Beqaj,2,0,0,0,0,180,0,0,0,0,0,0
Arjen Robben,24,7,22,64,0,2160,8,0,0,0,0,0
Arkadiusz Głowacki,3,0,7,3,0,270,0,0,0,0,0,0
Arkadiusz Milik,1,1,1,3,0,90,0,0,0,0,0,0
Armand Traoré,1,0,1,1,0,90,0,0,0,0,0,0
Arouna Koné,4,1,3,3,0,360,2,0,0,0,0,0
Artem Kontsevoi,3,0,2,5,0,270,0,0,0,0,0,0
Artem Milevskiy,9,3,27,44,0,810,4,0,0,0,0,0
Artem Radkov,2,0,2,3,0,180,0,0,0,0,0,0
Artem Rebrov,1,0,0,0,0,90,0,0,0,0,0,0
Arthur Boka,4,0,11,0,0,360,0,0,0,0,0,0
Arthur Masuaku,3,0,3,5,0,270,0,0,0,0,0,0
Arthuro,2,0,2,1,0,180,0,0,0,0,0,0
Artur,13,0,1,0,0,1170,0,0,0,0,0,0
Artur Boruc,11,0,0,1,0,990,0,0,0,0,0,0
Arturo Vidal,13,2,24,26,0,1170,4,0,0,0,0,0
Ashley Cole,32,6,28,51,0,2880,4,0,0,0,0,0
Ashley Young,3,0,2,11,0,270,7,0,0,0,0,0
Asier Del Horno,1,0,2,1,0,90,0,0,0,0,0,0
Asier Illarramendi,5,0,10,5,0,450,0,0,0,0,0,0
Ateş Necati,2,0,3,4,0,180,2,0,0,0,0,0
Athos Solomou,1,0,0,0,0,90,1,0,0,0,0,0
Atiba Hutchinson,3,1,0,6,0,270,4,0,0,0,0,0
Atsuto Uchida,15,2,18,17,0,1350,1,0,0,0,0,0
Augustin Binya,1,0,2,0,0,90,0,0,0,0,0,0
Aurélien Chedjou,11,1,8,11,0,990,0,0,0,0,0,0
Avihay Yadin,2,0,7,6,0,180,0,0,0,0,0,0
Avraam Papadopoulos,7,0,6,11,0,630,0,0,0,0,0,0
Axel Witsel,17,1,35,28,0,1530,3,0,0,0,0,0
Aydın Yılmaz,1,0,2,2,0,90,0,0,0,0,0,0
Ayhan Akman,1,0,3,0,0,90,1,0,0,0,0,0
Ayila Yussuf,8,0,11,12,0,720,0,0,0,0,0,0
Aymen Abdennour,3,0,1,0,0,270,0,0,0,0,0,0
Aymeric Laporte,3,0,2,3,0,270,0,0,0,0,0,0
Aílton,4,0,11,16,0,360,9,0,0,0,0,0
Babatounde Bello,3,0,3,3,0,270,0,0,0,0,0,0
Bacary Sagna,20,4,15,18,0,1800,1,0,0,0,0,0
Badr El Kaddouri,3,0,5,6,0,270,1,0,0,0,0,0
Bafétimbi Gomis,8,0,4,10,0,720,13,0,0,0,0,0
Bakari Koné,4,2,2,3,0,360,2,0,0,0,0,0
Bakary Koné,2,0,1,2,0,180,0,0,0,0,0,0
Baki Mercimek,1,0,5,0,0,90,0,0,0,0,0,0
Balázs Dzsudzsák,1,0,3,1,0,90,0,0,0,0,0,0
Balázs Megyeri,2,0,0,1,0,180,0,0,0,0,0,0
Barry Ferguson,3,0,3,4,0,270,0,0,0,0,0,0
Barry Robson,3,0,13,6,0,270,0,0,0,0,0,0
Bart Goor,3,0,5,2,0,270,0,0,0,0,0,0
Bastian Reinhardt,2,0,5,3,0,180,0,0,0,0,0,0
Bastian Schweinsteiger,32,8,44,70,0,2880,4,0,0,0,0,0
Beg Ferati,4,0,0,3,0,360,0,0,0,0,0,0
Behrang Safari,11,0,9,8,0,990,1,0,0,0,0,0
Bekir Ozan Has,1,0,1,2,0,90,0,0,0,0,0,0
Ben Amos,1,0,0,0,0,90,0,0,0,0,0,0
Ben Foster,1,0,0,0,0,90,0,0,0,0,0,0
Ben Sahar,2,0,2,1,0,180,1,0,0,0,0,0
Benedikt Höwedes,15,1,18,7,0,1350,1,0,0,0,0,0
Benjamin Huggel,8,0,15,7,0,720,1,0,0,0,0,0
Benjamin Mendy,1,0,0,3,0,90,0,0,0,0,0,0
Benjamin Nicaise,1,1,1,1,0,90,0,0,0,0,0,0
Benjamin Stambouli,2,0,0,1,0,180,0,0,0,0,0,0
Benny Feilhaber,1,0,2,5,0,90,0,0,0,0,0,0
Benoît Assou-Ekotto,5,0,8,7,0,450,0,0,0,0,0,0
Benoît Cheyrou,14,2,12,17,0,1260,0,0,0,0,0,0
Benoît Pedretti,6,0,13,12,0,540,0,0,0,0,0,0
Benoît Trémoulinas,5,1,1,12,0,450,1,0,0,0,0,0
Beram Kayal,5,0,10,3,0,450,0,0,0,0,0,0
Bernard,2,0,3,5,0,180,0,0,0,0,0,0
Bernardo Silva,1,0,1,2,0,90,0,0,0,0,0,0
Bernd Leno,12,0,0,3,0,1080,0,0,0,0,0,0
Besart Berisha,1,0,0,2,0,90,1,0,0,0,0,0
Beto,3,0,0,0,0,270,0,0,0,0,0,0
Betão,6,0,9,3,0,540,0,0,0,0,0,0
Bevan Fransman,1,0,1,1,0,90,0,0,0,0,0,0
Beñat Etxebarria,2,0,1,2,0,180,1,0,0,0,0,0
Bibras Natcho,5,0,1,3,0,450,0,0,0,0,0,0
Bjørn Tore Kvarme,2,0,2,1,0,180,0,0,0,0,0,0
Blaise Matuidi,14,2,26,24,0,1260,0,0,0,0,0,0
Blerim Dzemaili,3,0,6,9,0,270,1,0,0,0,0,0
Boban Grncarov,1,0,0,0,0,90,0,0,0,0,0,0
Bobo Baldé,1,0,1,1,0,90,0,0,0,0,0,0
Bobô,5,0,3,3,0,450,8,0,0,0,0,0
Bogdan Lobonţ,2,0,0,0,0,180,0,0,0,0,0,0
Bohdan Shust,3,0,0,0,0,270,0,0,0,0,0,0
Bojan Krkić,7,0,4,14,0,630,0,0,0,0,0,0
Borja Valero,1,0,0,1,0,90,0,0,0,0,0,0
Boubacar Sanogo,4,1,8,9,0,360,5,0,0,0,0,0
Boudewijn Zenden,6,0,8,7,0,540,0,0,0,0,0,0
Brahim Hemdani,2,0,2,1,0,180,0,0,0,0,0,0
Bram Nuytinck,7,0,4,1,0,630,0,0,0,0,0,0
Brandão,16,0,47,30,0,1440,20,0,0,0,0,0
Branislav Ivanović,27,0,27,26,0,2430,4,0,0,0,0,0
Branko Grahovac,3,0,0,1,0,270,0,0,0,0,0,0
Bratislav Punoševac,1,0,3,2,0,90,2,0,0,0,0,0
Brede Hangeland,3,1,7,2,0,270,0,0,0,0,0,0
Breel Embolo,3,1,4,3,0,270,3,0,0,0,0,0
Breno,3,0,6,3,0,270,0,0,0,0,0,0
Brett Holman,3,1,5,2,0,270,1,0,0,0,0,0
Bruma,2,0,1,2,0,180,0,0,0,0,0,0
Bruno Alves,19,0,17,11,0,1710,1,0,0,0,0,0
Bruno Cirillo,3,0,2,5,0,270,0,0,0,0,0,0
Bruno César,5,1,3,6,0,450,0,0,0,0,0,0
Bruno Fernandes,1,0,2,2,0,90,0,0,0,0,0,0
Bruno Martins Indi,3,0,2,1,0,270,0,0,0,0,0,0
Bruno Pereirinha,1,0,0,1,0,90,0,0,0,0,0,0
Bruno Saltor,1,0,2,2,0,90,0,0,0,0,0,0
Bruno Soriano,3,0,3,4,0,270,0,0,0,0,0,0
Bryan Cristante,1,0,2,0,0,90,0,0,0,0,0,0
Bryan Ruiz,2,0,5,3,0,180,1,0,0,0,0,0
Bryce Moon,1,0,0,0,0,90,1,0,0,0,0,0
Burak Yılmaz,12,0,21,23,0,1080,22,0,0,0,0,0
Bănel Nicoliţă,7,3,19,9,0,630,2,0,0,0,0,0
Cabral,3,0,6,2,0,270,0,0,0,0,0,0
Caca,2,1,4,6,0,180,0,0,0,0,0,0
Cacau,6,1,7,9,0,540,2,0,0,0,0,0
Cadú,9,0,9,9,0,810,0,0,0,0,0,0
Cafu,2,1,6,0,0,180,0,0,0,0,0,0
Cala,1,0,0,0,0,90,0,0,0,0,0,0
Calum Chambers,3,0,2,2,0,270,0,0,0,0,0,0
Camora,3,0,2,2,0,270,0,0,0,0,0,0
Cani,2,1,1,2,0,180,0,0,0,0,0,0
Carl Jenkinson,3,0,3,0,0,270,0,0,0,0,0,0
Carl Medjani,1,0,0,0,0,90,0,0,0,0,0,0
Carles Planas,1,0,0,0,0,90,0,0,0,0,0,0
Carles Puyol,21,0,23,33,0,1890,0,0,0,0,0,0
Carlitos,2,1,5,8,0,180,0,0,0,0,0,0
Carlo Cudicini,3,0,0,0,0,270,0,0,0,0,0,0
Carlos Bueno,1,0,0,0,0,90,2,0,0,0,0,0
Carlos Corrêa,4,2,3,7,0,360,0,0,0,0,0,0
Carlos Cuéllar,3,0,2,1,0,270,0,0,0,0,0,0
Carlos Delgado,1,0,2,2,0,90,0,0,0,0,0,0
Carlos Eduardo,1,0,1,0,0,90,1,0,0,0,0,0
Carlos Fernandes,2,0,0,0,0,180,0,0,0,0,0,0
Carlos Grossmüller,1,2,3,2,0,90,0,0,0,0,0,0
Carlos Gurpegi,2,0,2,4,0,180,0,0,0,0,0,0
Carlos Kameni,1,0,0,0,0,90,0,0,0,0,0,0
Carlos Mané,2,0,3,3,0,180,0,0,0,0,0,0
Carlos Marchena,5,0,16,10,0,450,0,0,0,0,0,0
Carlos Martins,4,5,5,6,0,360,0,0,0,0,0,0
Carlos Martínez,2,0,1,1,0,180,0,0,0,0,0,0
Carlos Paredes,1,0,0,0,0,90,0,0,0,0,0,0
Carlos Salcido,10,1,5,9,0,900,0,0,0,0,0,0
Carlos Tévez,18,3,22,26,0,1620,16,0,0,0,0,0
Carlos Vela,5,0,7,12,0,450,2,0,0,0,0,0
Carlão,3,0,4,2,0,270,0,0,0,0,0,0
Casemiro,5,0,13,11,0,450,0,0,0,0,0,0
Cesare Natali,1,0,2,1,0,90,0,0,0,0,0,0
Cesc Fàbregas,33,12,46,54,0,2970,7,0,0,0,0,0
Chancel Mbemba,5,0,3,3,0,450,0,0,0,0,0,0
Charles Kaboré,5,0,6,4,0,450,0,0,0,0,0,0
Charlie Adam,2,0,3,2,0,180,0,0,0,0,0,0
Charlie Mulgrew,7,1,7,2,0,630,0,0,0,0,0,0
Cheikhou Kouyaté,6,0,8,4,0,540,1,0,0,0,0,0
Chidi Odiah,2,0,6,6,0,180,0,0,0,0,0,0
Chinedu Obasi,1,1,0,2,0,90,0,0,0,0,0,0
Chris Löwe,1,0,2,2,0,90,0,0,0,0,0,0
Chris Smalling,6,0,5,3,0,540,2,0,0,0,0,0
Christer Basma,1,0,1,1,0,90,0,0,0,0,0,0
Christian Abbiati,15,0,1,2,0,1350,0,0,0,0,0,0
Christian Clemens,1,0,0,1,0,90,0,0,0,0,0,0
Christian Eriksen,6,5,5,2,0,540,0,0,0,0,0,0
Christian Fuchs,4,0,6,0,0,360,0,0,0,0,0,0
Christian Gentner,3,0,4,3,0,270,0,0,0,0,0,0
Christian Lell,4,1,8,4,0,360,1,0,0,0,0,0
Christian Maggio,6,0,12,6,0,540,0,0,0,0,0,0
Christian Noboa,6,0,11,7,0,540,0,0,0,0,0,0
Christian Pander,2,0,1,2,0,180,0,0,0,0,0,0
Christian Panucci,11,0,12,19,0,990,0,0,0,0,0,0
Christian Poulsen,9,0,15,10,0,810,1,0,0,0,0,0
Christian Schulz,2,0,3,2,0,180,0,0,0,0,0,0
Christian Träsch,4,0,4,2,0,360,0,0,0,0,0,0
Christian Vander,2,0,0,0,0,180,0,0,0,0,0,0
Christian Wilhelmsson,1,0,1,2,0,90,2,0,0,0,0,0
Christián Bolaños,4,1,2,3,0,360,0,0,0,0,0,0
Christoph Metzelder,8,0,17,6,0,720,0,0,0,0,0,0
Christoph Moritz,1,0,0,0,0,90,0,0,0,0,0,0
Christophe Jallet,6,0,9,2,0,540,1,0,0,0,0,0
Christos Kontis,3,0,4,6,0,270,0,0,0,0,0,0
Christos Patsatzoglou,3,0,5,1,0,270,1,0,0,0,0,0
Chrysostomos Michail,2,0,0,1,0,180,0,0,0,0,0,0
Cicinho,4,1,2,5,0,360,0,0,0,0,0,0
Cihan Haspolatlı,1,0,4,1,0,90,0,0,0,0,0,0
Cillian Sheridan,4,0,3,6,0,360,3,0,0,0,0,0
Ciprian Marica,4,0,5,10,0,360,0,0,0,0,0,0
Ciprian Tătăruşanu,3,0,0,0,0,270,0,0,0,0,0,0
Ciro Immobile,2,0,2,5,0,180,2,0,0,0,0,0
Clarence Seedorf,18,3,13,28,0,1620,0,0,0,0,0,0
Claude Makelele,9,0,19,5,0,810,0,0,0,0,0,0
Claudemir,7,0,14,9,0,630,1,0,0,0,0,0
Claudio Bravo,2,0,0,1,0,180,0,0,0,0,0,0
Claudio Caçapa,1,0,3,0,0,90,0,0,0,0,0,0
Claudio Maldonado,3,1,6,2,0,270,0,0,0,0,0,0
Claudio Marchisio,15,1,20,10,0,1350,0,0,0,0,0,0
Claudio Pizarro,10,0,9,11,0,900,6,0,0,0,0,0
Clemens Fritz,10,1,13,8,0,900,0,0,0,0,0,0
Clemente Rodríguez,1,0,0,0,0,90,0,0,0,0,0,0
Cleyton,2,0,10,3,0,180,0,0,0,0,0,0
Cléber Santana,3,0,3,4,0,270,1,0,0,0,0,0
Clément Chantôme,3,1,2,3,0,270,0,0,0,0,0,0
Clément Grenier,1,1,3,2,0,90,0,0,0,0,0,0
Cléo,3,0,4,7,0,270,0,0,0,0,0,0
Colin Kazım Richards,2,0,6,6,0,180,1,0,0,0,0,0
Constantinos Charalambides,6,2,11,19,0,540,2,0,0,0,0,0
Cornel Cernea,1,0,0,0,0,90,0,0,0,0,0,0
Cornel Râpă,2,0,4,4,0,180,1,0,0,0,0,0
Cosmin Moţi,3,1,4,1,0,270,1,0,0,0,0,0
Costel Pantilimon,1,0,0,0,0,90,0,0,0,0,0,0
Coutinho,5,1,5,5,0,450,0,0,0,0,0,0
Craig Bellamy,2,0,2,2,0,180,1,0,0,0,0,0
Cris,17,3,19,18,0,1530,0,0,0,0,0,0
Cristian Ansaldi,9,1,20,11,0,810,1,0,0,0,0,0
Cristian Brocchi,3,1,4,3,0,270,0,0,0,0,0,0
Cristian Chivu,18,2,25,24,0,1620,0,0,0,0,0,0
Cristian Ledesma,8,0,13,7,0,720,0,0,0,0,0,0
Cristian Molinaro,5,0,3,6,0,450,1,0,0,0,0,0
Cristian Panin,4,0,10,1,0,360,0,0,0,0,0,0
Cristian Rodríguez,10,1,11,27,0,900,4,0,0,0,0,0
Cristian Sârghi,1,0,4,0,0,90,1,0,0,0,0,0
Cristian Săpunaru,6,1,13,6,0,540,0,0,0,0,0,0
Cristian Tello,4,1,1,3,0,360,7,0,0,0,0,0
Cristian Tănase,3,0,10,6,0,270,0,0,0,0,0,0
Cristian Zaccardo,1,0,1,4,0,90,0,0,0,0,0,0
Cristiano Lucarelli,3,0,3,7,0,270,1,0,0,0,0,0
Cristiano Ronaldo,46,14,35,106,0,4140,26,0,0,0,0,0
Cristiano Zanetti,5,1,8,7,0,450,0,0,0,0,0,0
Cristián Zapata,7,2,3,9,0,630,0,0,0,0,0,0
Curro Torres,1,1,2,0,0,90,0,0,0,0,0,0
Custódio,3,0,3,3,0,270,0,0,0,0,0,0
Cyriac,1,0,3,4,0,90,0,0,0,0,0,0
Cyril Théréau,1,0,3,1,0,90,0,0,0,0,0,0
Cédric,3,0,5,2,0,270,0,0,0,0,0,0
Cédric Bardon,4,0,2,8,0,360,0,0,0,0,0,0
Cédric Carrasso,5,0,0,1,0,450,0,0,0,0,0,0
Cédric Hengbart,3,0,0,5,0,270,1,0,0,0,0,0
Cédric Kanté,1,0,0,0,0,90,0,0,0,0,0,0
César,1,0,0,1,0,90,0,0,0,0,0,0
César Azpilicueta,12,1,17,12,0,1080,0,0,0,0,0,0
César Delgado,5,0,3,11,0,450,2,0,0,0,0,0
César Navas,6,0,11,5,0,540,0,0,0,0,0,0
César Peixoto,2,0,1,5,0,180,2,0,0,0,0,0
César Santin,2,0,5,2,0,180,1,0,0,0,0,0
César Sánchez,2,0,0,3,0,180,0,0,0,0,0,0
Dacian Varga,3,0,7,5,0,270,2,0,0,0,0,0
Daley Blind,7,0,7,4,0,630,0,0,0,0,0,0
Dame N'Doye,4,0,11,9,0,360,0,0,0,0,0,0
Damjan Bohar,1,0,1,2,0,90,0,0,0,0,0,0
Dani,3,0,4,3,0,270,1,0,0,0,0,0
Dani Abalo,3,0,2,7,0,270,1,0,0,0,0,0
Dani Alves,37,9,88,60,0,3330,10,0,0,0,0,0
Dani Bondarv,3,0,3,1,0,270,0,0,0,0,0,0
Dani Carvajal,6,1,8,5,0,540,0,0,0,0,0,0
Dani Estrada,1,0,0,2,0,90,0,0,0,0,0,0
Daniel Agger,9,0,4,7,0,810,0,0,0,0,0,0
Daniel Aranzubia,1,0,1,1,0,90,0,0,0,0,0,0
Daniel Borimirov,3,0,7,5,0,270,0,0,0,0,0,0
Daniel Braaten,2,0,9,2,0,180,1,0,0,0,0,0
Daniel Carriço,1,0,1,0,0,90,0,0,0,0,0,0
Daniel Carvalho,4,2,5,12,0,360,5,0,0,0,0,0
Daniel Congré,1,0,1,0,0,90,0,0,0,0,0,0
Daniel Cousin,2,0,3,4,0,180,2,0,0,0,0,0
Daniel Georgievski,2,0,3,0,0,180,0,0,0,0,0,0
Daniel Güiza,3,0,2,4,0,270,4,0,0,0,0,0
Daniel Jensen,6,2,17,14,0,540,0,0,0,0,0,0
Daniel Kolář,6,0,7,12,0,540,4,0,0,0,0,0
Daniel Oprita,1,0,1,0,0,90,0,0,0,0,0,0
Daniel Parejo,2,0,2,2,0,180,0,0,0,0,0,0
Daniel Pudil,5,0,12,7,0,450,1,0,0,0,0,0
Daniel Royer,2,0,1,9,0,180,0,0,0,0,0,0
Daniel Schwaab,2,0,3,1,0,180,0,0,0,0,0,0
Daniel Sturridge,4,0,2,5,0,360,2,0,0,0,0,0
Daniel Van Buyten,22,1,19,21,0,1980,1,0,0,0,0,0
Daniel Zítka,3,0,0,1,0,270,0,0,0,0,0,0
Daniele Bonera,12,0,21,12,0,1080,0,0,0,0,0,0
Daniele De Rossi,16,2,14,23,0,1440,1,0,0,0,0,0
Danijel Ljuboja,3,0,1,1,0,270,3,0,0,0,0,0
Danijel Pranjić,6,0,6,7,0,540,0,0,0,0,0,0
Danijel Subašić,5,0,0,0,0,450,0,0,0,0,0,0
Danilo,11,1,3,5,0,990,1,0,0,0,0,0
Danilo Silva,2,0,1,0,0,180,0,0,0,0,0,0
Danko Lazović,4,0,5,12,0,360,3,0,0,0,0,0
Danny,12,0,8,26,0,1080,7,0,0,0,0,0
Danny Hoesen,1,0,2,1,0,90,1,0,0,0,0,0
Danny Koevermans,3,0,2,1,0,270,4,0,0,0,0,0
Danny Simpson,1,0,2,0,0,90,0,0,0,0,0,0
Danny Welbeck,9,1,7,13,0,810,3,0,0,0,0,0
Danny Wilson,1,0,0,0,0,90,0,0,0,0,0,0
Dante,11,2,12,6,0,990,1,0,0,0,0,0
Dany Nounkeu,6,1,7,3,0,540,0,0,0,0,0,0
Dare Vršič,1,0,0,3,0,90,0,0,0,0,0,0
Darijo Srna,26,5,40,65,0,2340,2,0,0,0,0,0
Dario Dainelli,6,0,10,12,0,540,0,0,0,0,0,0
Dario Šimić,4,0,2,4,0,360,0,0,0,0,0,0
Dariusz Dudka,3,0,3,1,0,270,0,0,0,0,0,0
Darko Kovačević,3,1,11,8,0,270,7,0,0,0,0,0
Darren Fletcher,18,1,36,22,0,1620,1,0,0,0,0,0
Darren O'Dea,1,0,1,1,0,90,0,0,0,0,0,0
Darron Gibson,5,1,4,1,0,450,0,0,0,0,0,0
Darío Rodríguez,1,0,1,2,0,90,0,0,0,0,0,0
David Abraham,9,0,6,5,0,810,0,0,0,0,0,0
David Alaba,17,5,9,8,0,1530,0,0,0,0,0,0
David Albelda,10,0,21,10,0,900,0,0,0,0,0,0
David Beckham,3,0,6,4,0,270,0,0,0,0,0,0
David Bellion,1,0,0,0,0,90,1,0,0,0,0,0
David Bystroň,3,0,1,2,0,270,0,0,0,0,0,0
David Fuster,7,2,11,11,0,630,2,0,0,0,0,0
David Hubert,1,0,4,2,0,90,0,0,0,0,0,0
David Hubáček,2,0,1,0,0,180,0,0,0,0,0,0
David Jarolím,2,1,3,10,0,180,1,0,0,0,0,0
David Jemmali,2,0,4,3,0,180,0,0,0,0,0,0
David Limberský,5,0,11,2,0,450,0,0,0,0,0,0
David Luiz,20,1,35,24,0,1800,0,0,0,0,0,0
David Mendes,3,0,4,0,0,270,0,0,0,0,0,0
David Navarro,4,0,6,3,0,360,0,0,0,0,0,0
David Ngog,1,0,4,0,0,90,1,0,0,0,0,0
David Ospina,1,0,0,0,0,90,0,0,0,0,0,0
David Pizarro,10,2,12,23,0,900,0,0,0,0,0,0
David Rozehnal,1,1,2,0,0,90,0,0,0,0,0,0
David Silva,14,3,18,25,0,1260,0,0,0,0,0,0
David Trezeguet,4,1,7,3,0,360,2,0,0,0,0,0
David Villa,22,3,25,25,0,1980,26,0,0,0,0,0
David Weir,9,0,10,5,0,810,0,0,0,0,0,0
David Zurutuza,1,0,1,2,0,90,0,0,0,0,0,0
David de Gea,12,1,0,1,0,1080,0,0,0,0,0,0
Davide Astori,1,0,3,0,0,90,0,0,0,0,0,0
Davide Santon,1,0,0,4,0,90,0,0,0,0,0,0
Davy Klaassen,5,1,11,7,0,450,1,0,0,0,0,0
Dawid Janczyk,1,0,2,3,0,90,4,0,0,0,0,0
Dayro Moreno,3,0,3,6,0,270,5,0,0,0,0,0
De Sousa,3,0,3,0,0,270,0,0,0,0,0,0
Deco,11,2,23,31,0,990,2,0,0,0,0,0
Dedi Ben-Dayan,3,0,1,2,0,270,2,0,0,0,0,0
Deivid,5,0,8,6,0,450,1,0,0,0,0,0
Deividas Šemberas,9,1,12,13,0,810,0,0,0,0,0,0
Dejan Lovren,8,0,9,4,0,720,0,0,0,0,0,0
Dejan Stanković,21,1,47,24,0,1890,2,0,0,0,0,0
Dekel Keinan,3,0,0,1,0,270,0,0,0,0,0,0
Delvin N'Dinga,6,0,8,6,0,540,0,0,0,0,0,0
Demba Ba,1,0,1,1,0,90,2,0,0,0,0,0
Demy de Zeeuw,3,1,4,7,0,270,0,0,0,0,0,0
Denilson,8,0,12,21,0,720,1,0,0,0,0,0
Denis Boyarintsev,2,0,2,1,0,180,3,0,0,0,0,0
Denis Polyakov,5,0,5,0,0,450,0,0,0,0,0,0
Deniz Barış,2,0,4,7,0,180,0,0,0,0,0,0
Dennis Aogo,6,1,5,7,0,540,1,0,0,0,0,0
Dennis Oliech,2,0,5,3,0,180,1,0,0,0,0,0
Dennis Praet,8,2,7,8,0,720,2,0,0,0,0,0
Denny Landzaat,2,0,1,2,0,180,1,0,0,0,0,0
Denys Garmash,1,0,3,2,0,90,1,0,0,0,0,0
Derk Boerrigter,5,0,7,3,0,450,2,0,0,0,0,0
Derlei,2,0,4,5,0,180,2,0,0,0,0,0
Derley,2,1,3,4,0,180,0,0,0,0,0,0
Derlis González,3,0,4,4,0,270,2,0,0,0,0,0
Dida,10,0,0,1,0,900,1,0,0,0,0,0
Didier Domi,3,0,5,0,0,270,0,0,0,0,0,0
Didier Drogba,29,8,70,67,0,2610,33,0,0,0,0,0
Didier Zokora,7,0,18,15,0,630,0,0,0,0,0,0
Diego,10,2,9,46,0,900,3,0,0,0,0,0
Diego Alves,3,0,0,1,0,270,0,0,0,0,0,0
Diego Benaglio,3,0,0,0,0,270,0,0,0,0,0,0
Diego Buonanotte,1,1,1,4,0,90,1,0,0,0,0,0
Diego Capel,6,1,6,21,0,540,0,0,0,0,0,0
Diego Cavalieri,1,0,0,0,0,90,0,0,0,0,0,0
Diego Contento,6,1,4,15,0,540,0,0,0,0,0,0
Diego Costa,6,2,13,15,0,540,3,0,0,0,0,0
Diego Forlán,7,1,4,6,0,630,3,0,0,0,0,0
Diego Godín,12,0,8,19,0,1080,2,0,0,0,0,0
Diego Lugano,6,0,8,7,0,540,0,0,0,0,0,0
Diego López,11,0,0,0,0,990,0,0,0,0,0,0
Diego Milito,9,2,5,13,0,810,24,0,0,0,0,0
Diego Perotti,1,0,1,2,0,90,0,0,0,0,0,0
Dieumerci Mbokani,6,1,12,21,0,540,11,0,0,0,0,0
Dimitar Berbatov,10,2,17,15,0,900,12,0,0,0,0,0
Dimitar Ivankov,2,0,0,0,0,180,0,0,0,0,0,0
Dimitar Telkiyski,2,0,0,2,0,180,1,0,0,0,0,0
Dimitri Payet,5,1,6,8,0,450,1,0,0,0,0,0
Dimitris Salpingidis,3,0,4,3,0,270,5,0,0,0,0,0
Dimitris Siovas,4,0,3,0,0,360,0,0,0,0,0,0
Diniyar Bilyaletdinov,1,0,1,0,0,90,0,0,0,0,0,0
Diogo,1,0,2,3,0,90,0,0,0,0,0,0
Diogo Rincón,5,1,6,3,0,450,0,0,0,0,0,0
Dionisios Chiotis,6,0,1,1,0,540,0,0,0,0,0,0
Dirk Kuyt,16,4,24,17,0,1440,14,0,0,0,0,0
Dirk Marcellis,5,0,9,2,0,450,0,0,0,0,0,0
Djalma,1,0,0,2,0,90,0,0,0,0,0,0
Djamel Abdoun,4,0,9,7,0,360,4,0,0,0,0,0
Djamel Mesbah,1,0,3,0,0,90,0,0,0,0,0,0
Djibril Cissé,5,1,7,5,0,450,6,0,0,0,0,0
Djibril Sidibé,1,0,5,0,0,90,0,0,0,0,0,0
Djimi Traoré,1,0,0,1,0,90,0,0,0,0,0,0
Dmitri Baga,4,0,5,7,0,360,0,0,0,0,0,0
Dmitri Kombarov,6,1,8,8,0,540,1,0,0,0,0,0
Dmitri Likhtarovich,7,0,8,6,0,630,0,0,0,0,0,0
Dmytro Chygrynskiy,11,0,21,3,0,990,1,0,0,0,0,0
Domagoj Vida,6,0,8,11,0,540,0,0,0,0,0,0
Domenico Criscito,11,0,20,20,0,990,2,0,0,0,0,0
Dominik Schmidt,1,0,4,0,0,90,0,0,0,0,0,0
Dominique Kivuvu,1,0,1,0,0,90,0,0,0,0,0,0
Doni,15,0,0,4,0,1350,0,0,0,0,0,0
Dorin Goian,7,0,11,4,0,630,0,0,0,0,0,0
Douglas,6,0,4,5,0,540,0,0,0,0,0,0
Douglas Costa,12,2,16,11,0,1080,4,0,0,0,0,0
Douglão,1,0,1,1,0,90,0,0,0,0,0,0
Dries Mertens,2,1,5,1,0,180,1,0,0,0,0,0
Drissa Diakité,1,0,1,0,0,90,0,0,0,0,0,0
Duda,1,0,1,2,0,90,0,0,0,0,0,0
Dudu,10,1,30,29,0,900,4,0,0,0,0,0
Dugary Ndabashinze,2,1,6,1,0,180,0,0,0,0,0,0
Duje Čop,3,0,5,2,0,270,3,0,0,0,0,0
Dušan Djurić,1,0,0,0,0,90,0,0,0,0,0,0
Duško Tošić,1,0,2,1,0,90,0,0,0,0,0,0
Dwight Tiendalli,3,0,9,2,0,270,0,0,0,0,0,0
Dániel Tőzsér,6,0,7,2,0,540,0,0,0,0,0,0
Edcarlos,1,0,0,0,0,90,0,0,0,0,0,0
Eden Hazard,14,3,7,53,0,1260,1,0,0,0,0,0
Ederson,5,0,13,19,0,450,0,0,0,0,0,0
Edgar Olekhnovich,5,1,6,5,0,450,1,0,0,0,0,0
Edimar,1,0,0,0,0,90,0,0,0,0,0,0
Edin Džeko,12,2,13,25,0,1080,10,0,0,0,0,0
Edinson Cavani,13,2,9,15,0,1170,9,0,0,0,0,0
Edison Méndez,11,1,22,12,0,990,1,0,0,0,0,0
Edmílson,1,0,0,2,0,90,0,0,0,0,0,0
Edson Braafheid,2,0,1,4,0,180,0,0,0,0,0,0
Edu,5,0,11,10,0,450,0,0,0,0,0,0
Edu Dracena,8,0,10,3,0,720,0,0,0,0,0,0
Eduard Stăncioiu,5,0,0,1,0,450,0,0,0,0,0,0
Eduardo,4,0,8,6,0,360,1,0,0,0,0,0
Eduardo Rubio,1,0,3,1,0,90,0,0,0,0,0,0
Eduardo Salvio,6,0,5,10,0,540,1,0,0,0,0,0
Edwin van der Sar,22,0,0,6,0,1980,0,0,0,0,0,0
Efe Ambrose,6,0,3,7,0,540,0,0,0,0,0,0
Eidur Gudjohnsen,3,0,2,3,0,270,2,0,0,0,0,0
Ekrem Dağ,3,0,1,2,0,270,0,0,0,0,0,0
Elano,1,0,0,2,0,90,0,0,0,0,0,0
Elderson,4,0,6,2,0,360,1,0,0,0,0,0
Eliaquim Mangala,9,2,18,2,0,810,0,0,0,0,0,0
Elin Topuzakov,3,0,1,2,0,270,0,0,0,0,0,0
Elinton Andrade,1,0,0,0,0,90,0,0,0,0,0,0
Eliseu,4,1,7,5,0,360,0,0,0,0,0,0
Elvir Rahimić,8,0,14,8,0,720,0,0,0,0,0,0
Emanuel Herrera,1,0,1,0,0,90,2,0,0,0,0,0
Emerson,9,0,16,6,0,810,0,0,0,0,0,0
Emil Dică,3,0,6,2,0,270,1,0,0,0,0,0
Emil Forsberg,3,0,5,8,0,270,0,0,0,0,0,0
Emil Rilke,1,0,1,2,0,90,1,0,0,0,0,0
Emiliano Insua,4,1,3,4,0,360,0,0,0,0,0,0
Emiliano Martínez,1,0,0,0,0,90,0,0,0,0,0,0
Emiliano Moretti,6,1,7,9,0,540,0,0,0,0,0,0
Emilio Izaguirre,6,0,8,5,0,540,0,0,0,0,0,0
Emilson Cribari,2,0,4,3,0,180,0,0,0,0,0,0
Emir Dilaver,2,0,2,2,0,180,0,0,0,0,0,0
Emir Spahić,7,0,12,5,0,630,1,0,0,0,0,0
Emmanuel Adebayor,9,1,19,4,0,810,22,0,0,0,0,0
Emmanuel Eboué,20,5,17,29,0,1800,1,0,0,0,0,0
Emmanuel Emenike,2,0,1,3,0,180,1,0,0,0,0,0
Emmanuel Frimpong,1,0,4,0,0,90,0,0,0,0,0,0
Emmanuel Koné,1,0,1,0,0,90,1,0,0,0,0,0
Emre Aşık,1,0,1,0,0,90,0,0,0,0,0,0
Emre Belözoğlu,2,0,2,5,0,180,0,0,0,0,0,0
Emre Can,2,1,7,4,0,180,0,0,0,0,0,0
Emre Çolak,2,0,2,7,0,180,0,0,0,0,0,0
Engin Baytar,1,0,0,2,0,90,0,0,0,0,0,0
Enoch Kofi Adu,6,0,9,3,0,540,0,0,0,0,0,0
Enzo Maresca,3,0,2,7,0,270,1,0,0,0,0,0
Enzo Pérez,8,0,10,27,0,720,0,0,0,0,0,0
Epaminonda Nicu,1,0,2,2,0,90,0,0,0,0,0,0
Eran Zahavi,3,0,3,0,0,270,1,0,0,0,0,0
Eren Derdiyok,2,0,1,1,0,180,0,0,0,0,0,0
Ergün Penbe,1,0,1,0,0,90,0,0,0,0,0,0
Eric Addo,3,0,5,2,0,270,0,0,0,0,0,0
Eric Hassli,1,0,3,0,0,90,1,0,0,0,0,0
Eric Maxim Choupo-Moting,3,0,2,1,0,270,0,0,0,0,0,0
Erich Brabec,3,0,3,4,0,270,0,0,0,0,0,0
Erik Durm,6,1,2,4,0,540,1,0,0,0,0,0
Erik Johansson,3,0,2,1,0,270,0,0,0,0,0,0
Erik Pieters,1,0,1,2,0,90,0,0,0,0,0,0
Ersin Mehmedović,1,0,0,0,0,90,0,0,0,0,0,0
Esteban Cambiasso,20,2,21,16,0,1800,1,0,0,0,0,0
Esteban Granero,4,0,5,4,0,360,0,0,0,0,0,0
Esteban Solari,1,0,1,2,0,90,1,0,0,0,0,0
Etey Shechter,2,0,3,3,0,180,6,0,0,0,0,0
Eugen Baciu,2,0,3,3,0,180,0,0,0,0,0,0
Eugen Trică,2,0,5,4,0,180,0,0,0,0,0,0
Evander Sno,3,0,7,2,0,270,0,0,0,0,0,0
Evandro,2,0,0,5,0,180,0,0,0,0,0,0
Evgeni Aldonin,10,2,14,9,0,900,0,0,0,0,0,0
Evgeni Makeev,6,1,4,9,0,540,0,0,0,0,0,0
Evgeni Yablonski,3,0,6,3,0,270,0,0,0,0,0,0
Eyal Golasa,2,0,3,2,0,180,0,0,0,0,0,0
Eyal Meshumar,3,0,4,1,0,270,0,0,0,0,0,0
Eyong Enoh,6,0,16,6,0,540,0,0,0,0,0,0
Ezequias,1,0,1,2,0,90,0,0,0,0,0,0
Ezequiel Garay,13,0,7,5,0,1170,0,0,0,0,0,0
Ezequiel Lavezzi,17,4,18,45,0,1530,18,0,0,0,0,0
Eñaut Zubikarai,1,0,0,0,0,90,0,0,0,0,0,0
Fabian Ernst,6,0,11,10,0,540,0,0,0,0,0,0
Fabian Frei,12,3,10,8,0,1080,2,0,0,0,0,0
Fabian Koch,1,0,2,1,0,90,0,0,0,0,0,0
Fabian Schär,6,1,19,11,0,540,0,0,0,0,0,0
Fabiano,4,0,0,0,0,360,0,0,0,0,0,0
Fabien Camus,2,1,1,1,0,180,2,0,0,0,0,0
Fabinho,5,0,7,6,0,450,0,0,0,0,0,0
Fabio,6,0,13,3,0,540,0,0,0,0,0,0
Fabio Cannavaro,14,1,25,20,0,1260,0,0,0,0,0,0
Fabio Grosso,12,0,27,12,0,1080,4,0,0,0,0,0
Fabio Quagliarella,3,1,4,3,0,270,5,0,0,0,0,0
Fabrice Abriel,3,0,1,2,0,270,2,0,0,0,0,0
Fabrice N'Sakala,3,1,7,3,0,270,0,0,0,0,0,0
Fabricio Fuentes,3,0,5,3,0,270,0,0,0,0,0,0
Fabrizio Miccoli,2,0,1,2,0,180,4,0,0,0,0,0
Facundo Ferreyra,1,0,1,0,0,90,1,0,0,0,0,0
Fanendo Adi,1,0,2,2,0,90,2,0,0,0,0,0
Faryd Mondragón,3,0,0,1,0,270,0,0,0,0,0,0
Fatih Tekke,1,0,1,1,0,90,3,0,0,0,0,0
Fatos Bećiraj,3,0,7,4,0,270,1,0,0,0,0,0
Federico Almerares,1,0,2,3,0,90,0,0,0,0,0,0
Federico Fazio,2,0,2,1,0,180,0,0,0,0,0,0
Federico Fernández,2,0,2,2,0,180,0,0,0,0,0,0
Federico Insúa,3,0,2,2,0,270,0,0,0,0,0,0
Federico Macheda,3,0,8,1,0,270,3,0,0,0,0,0
Federico Peluso,1,0,3,0,0,90,0,0,0,0,0,0
Federico Piovaccari,3,0,7,7,0,270,4,0,0,0,0,0
Felice Piccolo,3,0,0,3,0,270,0,0,0,0,0,0
Felipe,6,0,4,2,0,540,0,0,0,0,0,0
Felipe Melo,18,0,46,33,0,1620,1,0,0,0,0,0
Felipe Santana,7,1,6,3,0,630,0,0,0,0,0,0
Ferhat Öztorun,1,0,4,3,0,90,0,0,0,0,0,0
Fernandinho,20,1,41,27,0,1800,3,0,0,0,0,0
Fernando,34,2,52,31,0,3060,3,0,0,0,0,0
Fernando Belluschi,2,0,2,2,0,180,1,0,0,0,0,0
Fernando Cavenaghi,1,0,0,0,0,90,0,0,0,0,0,0
Fernando Gago,10,1,15,16,0,900,0,0,0,0,0,0
Fernando Llorente,4,0,7,8,0,360,4,0,0,0,0,0
Fernando Meira,3,0,2,0,0,270,0,0,0,0,0,0
Fernando Morientes,7,0,10,12,0,630,3,0,0,0,0,0
Fernando Muslera,11,0,0,4,0,990,0,0,0,0,0,0
Fernando Navarro,4,0,3,5,0,360,0,0,0,0,0,0
Fernando Torres,18,3,38,29,0,1620,23,0,0,0,0,0
Filip Djuričić,1,0,7,3,0,90,1,0,0,0,0,0
Filip Helander,3,0,5,2,0,270,0,0,0,0,0,0
Filip Hološko,1,0,0,1,0,90,2,0,0,0,0,0
Filip Mladenović,3,0,2,1,0,270,1,0,0,0,0,0
Filipe Luís,8,0,6,5,0,720,2,0,0,0,0,0
Filipp Rudik,1,0,1,0,0,90,0,0,0,0,0,0
Filippo Inzaghi,9,0,12,8,0,810,22,0,0,0,0,0
Florent Balmont,6,1,13,22,0,540,2,0,0,0,0,0
Florent Malouda,16,3,40,41,0,1440,12,0,0,0,0,0
Florent Sinama Pongolle,3,0,1,2,0,270,2,0,0,0,0,0
Florian Mader,3,1,4,5,0,270,0,0,0,0,0,0
Florian Stahel,2,0,4,4,0,180,0,0,0,0,0,0
Florian Thauvin,1,0,2,2,0,90,0,0,0,0,0,0
Florin Cernat,1,0,2,1,0,90,0,0,0,0,0,0
Florin Gardoş,3,0,2,5,0,270,0,0,0,0,0,0
Florin Lovin,6,0,15,12,0,540,0,0,0,0,0,0
Francesco Acerbi,1,0,0,4,0,90,1,0,0,0,0,0
Francesco Toldo,1,0,0,0,0,90,0,0,0,0,0,0
Francesco Totti,17,4,27,46,0,1530,17,0,0,0,0,0
Francis Coquelin,3,0,6,6,0,270,0,0,0,0,0,0
Francisco Portillo,2,0,2,2,0,180,0,0,0,0,0,0
Francisco Rodríguez,1,0,1,1,0,90,0,0,0,0,0,0
Francisco Yeste,1,0,1,0,0,90,0,0,0,0,0,0
Franck Béria,5,0,12,4,0,450,0,0,0,0,0,0
Franck Jurietti,6,0,8,14,0,540,0,0,0,0,0,0
Franck Ribéry,30,10,44,88,0,2700,8,0,0,0,0,0
Franco Costanzo,8,0,0,0,0,720,0,0,0,0,0,0
Frank Acheampong,2,0,2,5,0,180,0,0,0,0,0,0
Frank Baumann,3,0,15,3,0,270,1,0,0,0,0,0
Frank Lampard,31,11,39,33,0,2790,7,0,0,0,0,0
František Dříždal,2,1,1,2,0,180,0,0,0,0,0,0
František Rajtoral,6,1,3,3,0,540,3,0,0,0,0,0
François Clerc,2,0,1,4,0,180,0,0,0,0,0,0
François Marque,3,0,6,2,0,270,0,0,0,0,0,0
François Modesto,5,0,11,3,0,450,1,0,0,0,0,0
Fraser Forster,7,1,0,0,0,630,0,0,0,0,0,0
Fred,6,0,14,18,0,540,2,0,0,0,0,0
Fredrik Berglund,1,0,2,2,0,90,1,0,0,0,0,0
Fredrik Ljungberg,2,0,4,10,0,180,0,0,0,0,0,0
Fredrik Stoor,1,0,0,1,0,90,0,0,0,0,0,0
Fredy Guarín,1,0,4,0,0,90,0,0,0,0,0,0
Frédéric Kanouté,6,3,6,9,0,540,2,0,0,0,0,0
Frédéric Sammaritano,2,0,1,3,0,180,0,0,0,0,0,0
Fwayo Tembo,1,0,0,4,0,90,0,0,0,0,0,0
Fábio Aurélio,11,2,8,8,0,990,0,0,0,0,0,0
Fábio Coentrão,15,2,17,9,0,1350,2,0,0,0,0,0
Fábio Espinho,3,0,4,2,0,270,0,0,0,0,0,0
Fábio Rochemback,3,0,9,6,0,270,0,0,0,0,0,0
Fábio Santos,2,0,4,6,0,180,0,0,0,0,0,0
Gabi,8,2,13,12,0,720,0,0,0,0,0,0
Gabriel,2,1,3,3,0,180,0,0,0,0,0,0
Gabriel Boştină,2,0,3,4,0,180,0,0,0,0,0,0
Gabriel Giurgiu,3,0,5,4,0,270,1,0,0,0,0,0
Gabriel Heinze,13,1,12,28,0,1170,1,0,0,0,0,0
Gabriel Milito,6,0,8,1,0,540,0,0,0,0,0,0
Gabriel Mureşan,7,0,16,3,0,630,0,0,0,0,0,0
Gabriel Obertan,3,0,3,2,0,270,0,0,0,0,0,0
Gaby Mudingayi,3,1,9,8,0,270,0,0,0,0,0,0
Gareth Bale,11,3,6,17,0,990,3,0,0,0,0,0
Gareth Barry,3,0,8,1,0,270,0,0,0,0,0,0
Garry Bocaly,2,0,2,1,0,180,0,0,0,0,0,0
Gary Cahill,11,0,10,6,0,990,0,0,0,0,0,0
Gary Caldwell,9,1,11,10,0,810,0,0,0,0,0,0
Gary Hooper,2,0,2,5,0,180,0,0,0,0,0,0
Gary Neville,9,2,9,5,0,810,0,0,0,0,0,0
Gaël Clichy,27,1,46,20,0,2430,1,0,0,0,0,0
Gaël Givet,2,0,4,2,0,180,0,0,0,0,0,0
Gaël Kakuta,3,1,0,2,0,270,0,0,0,0,0,0
Gaëtan Bong,1,0,3,1,0,90,0,0,0,0,0,0
Gaëtan Charbonnier,1,0,2,0,0,90,3,0,0,0,0,0
Geder,2,0,7,0,0,180,0,0,0,0,0,0
Gennadi Bliznyuk,2,0,3,6,0,180,0,0,0,0,0,0
Gennaro Gattuso,11,1,29,28,0,990,1,0,0,0,0,0
Geoffrey Jourdren,1,0,0,0,0,90,0,0,0,0,0,0
Geoffrey Kondogbia,4,0,5,8,0,360,0,0,0,0,0,0
Geoffroy Serey Die,3,0,6,8,0,270,0,0,0,0,0,0
George Efrem,1,0,1,1,0,90,0,0,0,0,0,0
George Galamaz,3,0,3,2,0,270,0,0,0,0,0,0
George Ogăraru,2,1,2,3,0,180,0,0,0,0,0,0
Georgi Milanov,4,0,3,8,0,360,0,0,0,0,0,0
Georgi Petkov,2,0,0,1,0,180,0,0,0,0,0,0
Georgi Schennikov,11,0,8,4,0,990,0,0,0,0,0,0
Georgi Terziev,2,0,3,3,0,180,0,0,0,0,0,0
Georgios Anatolakis,2,0,4,2,0,180,0,0,0,0,0,0
Georgios Georgiou,1,0,1,2,0,90,0,0,0,0,0,0
Gerald Asamoah,5,0,10,16,0,450,6,0,0,0,0,0
Gerard Piqué,38,0,25,18,0,3420,1,0,0,0,0,0
Gergely Rudolf,2,0,3,4,0,180,2,0,0,0,0,0
Gervinho,8,2,7,3,0,720,11,0,0,0,0,0
Giampaolo Pazzini,4,0,6,11,0,360,2,0,0,0,0,0
Gianluca Comotto,2,1,1,3,0,180,0,0,0,0,0,0
Gianluca Gaudino,1,0,0,0,0,90,0,0,0,0,0,0
Gianluca Zambrotta,12,1,21,25,0,1080,7,0,0,0,0,0
Gianluigi Buffon,20,0,0,2,0,1800,0,0,0,0,0,0
Giannelli Imbula,1,0,0,0,0,90,0,0,0,0,0,0
Gianni Bruno,1,0,2,1,0,90,1,0,0,0,0,0
Giannis Goumas,2,0,2,1,0,180,0,0,0,0,0,0
Giannis Maniatis,10,1,11,10,0,900,0,0,0,0,0,0
Giedrius Arlauskis,3,0,0,0,0,270,0,0,0,0,0,0
Gil Vermouth,3,0,0,2,0,270,0,0,0,0,0,0
Gilberto Silva,9,0,16,16,0,810,0,0,0,0,0,0
Gill Swerts,2,0,2,1,0,180,0,0,0,0,0,0
Gilles Yapi,3,0,7,2,0,270,0,0,0,0,0,0
Giorgio Chiellini,16,0,18,23,0,1440,0,0,0,0,0,0
Giorgios Samaras,7,1,25,19,0,630,6,0,0,0,0,0
Giorgos Galitsios,1,0,2,1,0,90,0,0,0,0,0,0
Giorgos Karagounis,6,1,11,17,0,540,1,0,0,0,0,0
Giourkas Seitaridis,3,0,3,4,0,270,1,0,0,0,0,0
Giovani dos Santos,1,0,2,2,0,90,0,0,0,0,0,0
Giovanni van Bronckhorst,3,0,3,2,0,270,0,0,0,0,0,0
Giray Kaçar,3,0,2,1,0,270,1,0,0,0,0,0
Giulio Donati,4,1,8,4,0,360,0,0,0,0,0,0
Giuseppe Favalli,3,0,1,1,0,270,0,0,0,0,0,0
Giuseppe Rossi,6,1,2,20,0,540,4,0,0,0,0,0
Glen Johnson,3,0,1,3,0,270,0,0,0,0,0,0
Gonzalo Bergessio,1,0,0,0,0,90,1,0,0,0,0,0
Gonzalo Castro,9,1,14,7,0,810,2,0,0,0,0,0
Gonzalo Higuaín,17,1,10,14,0,1530,22,0,0,0,0,0
Gonzalo Rodríguez,5,0,9,2,0,450,0,0,0,0,0,0
Goran Gavrančić,4,1,3,3,0,360,0,0,0,0,0,0
Goran Pandev,9,1,7,10,0,810,3,0,0,0,0,0
Gorka Elustondo,1,0,1,1,0,90,0,0,0,0,0,0
Gorka Iraizoz,3,0,0,0,0,270,0,0,0,0,0,0
Grafite,3,0,4,4,0,270,4,0,0,0,0,0
Granit Xhaka,4,0,4,5,0,360,0,0,0,0,0,0
Gregory van der Wiel,15,5,18,7,0,1350,1,0,0,0,0,0
Grigoris Georgatos,1,0,0,3,0,90,0,0,0,0,0,0
Grégory Coupet,6,0,0,0,0,540,0,0,0,0,0,0
Grégory Tafforeau,4,0,5,1,0,360,0,0,0,0,0,0
Guglielmo Stendardo,3,1,3,3,0,270,0,0,0,0,0,0
Guilherme Siqueira,4,0,9,6,0,360,1,0,0,0,0,0
Guillaume Gillet,6,0,7,3,0,540,3,0,0,0,0,0
Guillermo Fernández,2,0,3,1,0,180,2,0,0,0,0,0
Guillermo Franco,1,0,4,0,0,90,0,0,0,0,0,0
Gustav Svensson,1,0,0,1,0,90,0,0,0,0,0,0
Gustavo Boccoli,2,0,2,6,0,180,0,0,0,0,0,0
Gustavo Colman,3,1,3,3,0,270,1,0,0,0,0,0
Gustavo Manduca,8,1,9,10,0,720,4,0,0,0,0,0
Guti,12,2,11,24,0,1080,0,0,0,0,0,0
Guy Demel,1,0,1,1,0,90,0,0,0,0,0,0
Gérson Magrão,3,0,2,6,0,270,2,0,0,0,0,0
Gökdeniz Karadeniz,5,0,10,9,0,450,3,0,0,0,0,0
Gökhan Gönül,6,0,7,8,0,540,1,0,0,0,0,0
Gökhan Inler,6,1,9,13,0,540,0,0,0,0,0,0
Gökhan Zan,4,0,4,1,0,360,1,0,0,0,0,0
Gökçek Vederson,6,0,5,6,0,540,1,0,0,0,0,0
Hakan Arıkan,4,0,0,0,0,360,0,0,0,0,0,0
Hakan Balta,2,0,0,3,0,180,0,0,0,0,0,0
Hakan Çalhanoğlu,4,2,4,5,0,360,3,0,0,0,0,0
Halil Altıntop,5,0,2,9,0,450,3,0,0,0,0,0
Hamit Altıntop,10,0,5,14,0,900,0,0,0,0,0,0
Hannu Tihinen,3,0,4,3,0,270,0,0,0,0,0,0
Hans Sarpei,2,0,4,1,0,180,0,0,0,0,0,0
Haris Seferovic,1,0,1,0,0,90,0,0,0,0,0,0
Haruna Babangida,1,0,0,3,0,90,0,0,0,0,0,0
Hasan Salihamidžić,4,2,7,5,0,360,0,0,0,0,0,0
Hasan Şaş,1,0,2,3,0,90,0,0,0,0,0,0
Hatem Ben Arfa,6,2,9,11,0,540,2,0,0,0,0,0
Hawar Taher,2,1,1,7,0,180,0,0,0,0,0,0
Hector Herrera,5,0,7,3,0,450,0,0,0,0,0,0
Hedwiges Maduro,2,0,2,2,0,180,0,0,0,0,0,0
Heiko Westermann,5,0,2,3,0,450,0,0,0,0,0,0
Heinz Barmettler,1,0,1,1,0,90,0,0,0,0,0,0
Heinz Lindner,3,0,0,1,0,270,0,0,0,0,0,0
Helton,24,0,0,8,0,2160,0,0,0,0,0,0
Henri Bedimo,3,0,3,2,0,270,0,0,0,0,0,0
Henrik Larsson,1,0,0,2,0,90,0,0,0,0,0,0
Henrikh Mkhitaryan,17,0,31,29,0,1530,2,0,0,0,0,0
Henrique,3,0,8,1,0,270,0,0,0,0,0,0
Hernán Crespo,5,0,3,4,0,450,9,0,0,0,0,0
Hernán Peréz,3,0,10,3,0,270,0,0,0,0,0,0
Heurelho Gomes,12,0,0,4,0,1080,0,0,0,0,0,0
Hilton,8,0,8,5,0,720,0,0,0,0,0,0
Hilário,2,0,0,2,0,180,0,0,0,0,0,0
Hjalte Nørregaard,2,0,6,2,0,180,0,0,0,0,0,0
Holger Badstuber,15,5,15,8,0,1350,0,0,0,0,0,0
Hristo Yovov,3,1,3,1,0,270,1,0,0,0,0,0
Hugo Alcântara,1,0,0,0,0,90,0,0,0,0,0,0
Hugo Almeida,6,2,2,7,0,540,7,0,0,0,0,0
Hugo Campagnaro,4,0,3,9,0,360,0,0,0,0,0,0
Hugo Lloris,18,0,0,3,0,1620,0,0,0,0,0,0
Hugo Viana,2,0,2,0,0,180,0,0,0,0,0,0
Hulk,19,3,35,51,0,1710,7,0,0,0,0,0
Héctor Bellerín,1,0,3,0,0,90,0,0,0,0,0,0
Héctor Moreno,3,0,4,5,0,270,1,0,0,0,0,0
Hélder Postiga,5,0,9,9,0,450,8,0,0,0,0,0
Hélder Sousa,1,0,6,0,0,90,0,0,0,0,0,0
Hélio Pinto,6,0,11,2,0,540,0,0,0,0,0,0
Hüseyin Çimşir,2,0,3,3,0,180,0,0,0,0,0,0
Iasmin Latovlevici,3,0,0,0,0,270,0,0,0,0,0,0
Ibai Gómez,3,0,4,4,0,270,0,0,0,0,0,0
Ibrahim Afellay,8,1,5,16,0,720,1,0,0,0,0,0
Ibrahima Conté,3,0,7,4,0,270,0,0,0,0,0,0
Ibson,2,0,3,8,0,180,0,0,0,0,0,0
Ideye Brown,2,0,1,2,0,180,1,0,0,0,0,0
Idrissa Gueye,1,0,3,3,0,90,0,0,0,0,0,0
Ieroklis Stoltidis,8,2,20,18,0,720,0,0,0,0,0,0
Ifeanyi Emeghara,3,0,5,4,0,270,0,0,0,0,0,0
Ifeanyi Udeze,1,0,3,5,0,90,0,0,0,0,0,0
Ignacio Camacho,3,0,5,4,0,270,0,0,0,0,0,0
Ignazio Abate,10,0,11,6,0,900,0,0,0,0,0,0
Igor Akinfeev,15,0,1,3,0,1350,0,0,0,0,0,0
Igor De Camargo,3,0,5,4,0,270,1,0,0,0,0,0
Igor Denisov,8,0,14,7,0,720,0,0,0,0,0,0
Igor Duljaj,3,0,5,2,0,270,0,0,0,0,0,0
Igor Smolnikov,2,1,4,3,0,180,0,0,0,0,0,0
Igor Stasevich,3,1,5,5,0,270,0,0,0,0,0,0
Igor Tomašić,3,0,2,3,0,270,0,0,0,0,0,0
Igor Vetokele,1,0,2,4,0,90,0,0,0,0,0,0
Iker Casillas,39,0,0,8,0,3510,0,0,0,0,0,0
Iker Muniain,1,0,0,3,0,90,0,0,0,0,0,0
Ilias Kiriakidis,1,0,2,2,0,90,0,0,0,0,0,0
Ilsinho,5,0,11,7,0,450,1,0,0,0,0,0
Imanol Agirretxe,2,0,2,0,0,180,0,0,0,0,0,0
Ioan Filip,3,0,2,2,0,270,0,0,0,0,0,0
Ioan Hora,1,0,1,0,0,90,0,0,0,0,0,0
Ioannis Skopelitis,1,0,1,1,0,90,0,0,0,0,0,0
Ionuţ Neagu,3,0,6,4,0,270,1,0,0,0,0,0
Ionuţ Rada,8,0,11,3,0,720,0,0,0,0,0,0
Isaac Cuenca,3,3,1,2,0,270,1,0,0,0,0,0
Isaac Kiese Thelin,3,0,9,4,0,270,2,0,0,0,0,0
Isco,13,1,14,15,0,1170,2,0,0,0,0,0
Islam Slimani,3,0,3,5,0,270,3,0,0,0,0,0
Ismaily,2,0,5,3,0,180,0,0,0,0,0,0
Ismaël Bangoura,4,0,6,1,0,360,7,0,0,0,0,0
Ismaïl Aissati,1,0,0,1,0,90,0,0,0,0,0,0
Iulian Apostol,3,0,4,3,0,270,1,0,0,0,0,0
Ivan Ergić,4,0,1,8,0,360,0,0,0,0,0,0
Ivan Ivanov,3,0,3,2,0,270,0,0,0,0,0,0
Ivan Kelava,6,0,0,1,0,540,0,0,0,0,0,0
Ivan Ordets,1,1,0,1,0,90,0,0,0,0,0,0
Ivan Perišić,2,0,4,3,0,180,0,0,0,0,0,0
Ivan Rakitić,8,1,16,14,0,720,1,0,0,0,0,0
Ivan Runje,3,0,4,3,0,270,0,0,0,0,0,0
Ivan Stevanović,2,0,4,2,0,180,0,0,0,0,0,0
Ivan Tomečak,1,0,0,3,0,90,0,0,0,0,0,0
Ivan Tričkovski,4,0,7,8,0,360,3,0,0,0,0,0
Ivica Dragutinović,6,0,9,19,0,540,0,0,0,0,0,0
Ivica Iliev,1,0,2,4,0,90,0,0,0,0,0,0
Ivica Križanac,2,0,2,1,0,180,0,0,0,0,0,0
Ivica Olić,7,0,11,4,0,630,2,0,0,0,0,0
Ivo Pinto,3,0,1,5,0,270,0,0,0,0,0,0
Iván Córdoba,11,0,15,10,0,990,0,0,0,0,0,0
Iván Helguera,6,2,4,4,0,540,1,0,0,0,0,0
Iván Marcano,5,1,4,3,0,450,0,0,0,0,0,0
Izet Hajrovic,1,0,0,0,0,90,0,0,0,0,0,0
Iñigo Martínez,2,0,1,3,0,180,0,0,0,0,0,0
Jack Wilshere,8,2,8,11,0,720,1,0,0,0,0,0
Jackson Martínez,10,0,23,12,0,900,11,0,0,0,0,0
Jacques Faty,2,0,3,2,0,180,0,0,0,0,0,0
Jakub Błaszczykowski,8,0,8,8,0,720,2,0,0,0,0,0
Jakub Wawrzyniak,1,0,1,0,0,90,0,0,0,0,0,0
Jamel Saihi,2,0,0,4,0,180,0,0,0,0,0,0
James Forrest,4,0,4,0,0,360,0,0,0,0,0,0
James Holland,3,0,6,3,0,270,0,0,0,0,0,0
James Milner,4,1,5,5,0,360,2,0,0,0,0,0
James Rodríguez,10,3,13,23,0,900,1,0,0,0,0,0
Jamie Carragher,18,0,13,19,0,1620,0,0,0,0,0,0
Jan Kirchhoff,1,0,0,0,0,90,0,0,0,0,0,0
Jan Kovařík,1,0,0,1,0,90,1,0,0,0,0,0
Jan Kromkamp,6,0,3,1,0,540,1,0,0,0,0,0
Jan Oblak,1,0,0,0,0,90,0,0,0,0,0,0
Jan Vennegoor of Hesselink,5,0,8,8,0,450,4,0,0,0,0,0
Jan Vertonghen,6,0,9,9,0,540,1,0,0,0,0,0
Jano Ananidze,1,0,0,0,0,90,0,0,0,0,0,0
Jaouad Zairi,2,1,4,3,0,180,0,0,0,0,0,0
Jardel,7,0,7,4,0,630,0,0,0,0,0,0
Jaroslav Plašil,5,2,10,9,0,450,2,0,0,0,0,0
Jasmin Handanović,3,0,0,0,0,270,0,0,0,0,0,0
Jason Culina,7,0,3,6,0,630,1,0,0,0,0,0
Jasper Cillessen,6,0,0,2,0,540,0,0,0,0,0,0
Javi García,13,1,18,17,0,1170,0,0,0,0,0,0
Javi Manquillo,2,0,4,3,0,180,1,0,0,0,0,0
Javi Martínez,5,0,14,12,0,450,1,0,0,0,0,0
Javi Venta,1,0,4,1,0,90,0,0,0,0,0,0
Javier Hernández,8,0,9,13,0,720,14,0,0,0,0,0
Javier Mascherano,35,2,56,24,0,3150,0,0,0,0,0,0
Javier Pastore,9,1,10,12,0,810,0,0,0,0,0,0
Javier Saviola,10,0,8,13,0,900,12,0,0,0,0,0
Javier Varas,1,0,0,0,0,90,0,0,0,0,0,0
Javier Zanetti,26,1,18,49,0,2340,3,0,0,0,0,0
Jean Makoun,16,0,34,12,0,1440,4,0,0,0,0,0
Jean Paulista,1,0,0,2,0,90,2,0,0,0,0,0
Jean-Alain Boumsong,10,0,9,8,0,900,0,0,0,0,0,0
Jean-Claude Darcheville,4,0,0,7,0,360,2,0,0,0,0,0
Jean-Joël Perrier Doumbé,1,0,2,0,0,90,0,0,0,0,0,0
Jefferson,2,2,2,4,0,180,0,0,0,0,0,0
Jefferson Farfán,17,2,40,27,0,1530,9,0,0,0,0,0
Jeffren Suárez,1,0,0,0,0,90,0,0,0,0,0,0
Jeffrey Bruma,1,0,1,1,0,90,0,0,0,0,0,0
Jeffrey Leiwakabessy,3,0,3,5,0,270,1,0,0,0,0,0
Jelle Van Damme,1,0,0,1,0,90,0,0,0,0,0,0
Jelle Vossen,3,0,4,7,0,270,3,0,0,0,0,0
Jens Lehmann,10,0,0,0,0,900,0,0,0,0,0,0
Jeppe Curth,3,0,5,3,0,270,1,0,0,0,0,0
Jeremain Lens,1,0,2,0,0,90,2,0,0,0,0,0
Jerko Leko,3,0,10,0,0,270,0,0,0,0,0,0
Jermaine Jenas,1,0,0,1,0,90,0,0,0,0,0,0
Jermaine Jones,8,1,18,10,0,720,1,0,0,0,0,0
Jermaine Pennant,4,1,3,10,0,360,0,0,0,0,0,0
Jeroen Simaeys,2,0,2,1,0,180,0,0,0,0,0,0
Jerzy Dudek,2,0,0,0,0,180,0,0,0,0,0,0
Jesper Christiansen,3,0,0,2,0,270,0,0,0,0,0,0
Jesper Grønkjær,6,1,16,9,0,540,6,0,0,0,0,0
Jesper Hansen,3,0,0,1,0,270,0,0,0,0,0,0
Jesé,2,0,1,2,0,180,0,0,0,0,0,0
Jesús Dátolo,1,0,1,5,0,90,0,0,0,0,0,0
Jesús Gámez,5,1,3,7,0,450,0,0,0,0,0,0
Jesús Navas,13,2,6,28,0,1170,6,0,0,0,0,0
Jimmy Briand,6,0,5,10,0,540,8,0,0,0,0,0
Jiří Jarošík,3,1,7,4,0,270,0,0,0,0,0,0
Joan Capdevila,4,1,2,4,0,360,3,0,0,0,0,0
Joan Oriol,1,0,0,2,0,90,0,0,0,0,0,0
Joaquín,12,4,11,23,0,1080,2,0,0,0,0,0
Jody Lukoki,1,0,1,0,0,90,0,0,0,0,0,0
Joe Allen,2,0,1,0,0,180,0,0,0,0,0,0
Joe Cole,11,1,9,19,0,990,9,0,0,0,0,0
Joe Hart,13,0,0,1,0,1170,0,0,0,0,0,0
Joe Ledley,1,0,0,0,0,90,0,0,0,0,0,0
Joel Campbell,2,0,0,6,0,180,0,0,0,0,0,0
Joel Obi,2,0,2,1,0,180,0,0,0,0,0,0
Johan Djourou,5,0,10,5,0,450,0,0,0,0,0,0
Johan Elmander,2,0,0,0,0,180,1,0,0,0,0,0
Johan Micoud,3,0,2,5,0,270,1,0,0,0,0,0
Johan Vonlanthen,2,1,3,1,0,180,0,0,0,0,0,0
Johan Wiland,7,0,0,2,0,630,0,0,0,0,0,0
John Arne Riise,12,1,11,9,0,1080,4,0,0,0,0,0
John Carew,1,0,1,1,0,90,1,0,0,0,0,0
John Culma,2,0,3,3,0,180,0,0,0,0,0,0
John Heitinga,2,0,2,4,0,180,0,0,0,0,0,0
John Ibeh,1,0,1,1,0,90,0,0,0,0,0,0
John Kennedy,2,0,0,1,0,180,0,0,0,0,0,0
John Mensah,2,0,2,2,0,180,0,0,0,0,0,0
John O'Shea,15,1,16,3,0,1350,1,0,0,0,0,0
John Obi Mikel,19,0,32,31,0,1710,1,0,0,0,0,0
John Terry,34,1,41,24,0,3060,2,0,0,0,0,0
John Utaka,1,0,2,0,0,90,1,0,0,0,0,0
Johnny Leoni,3,0,0,1,0,270,0,0,0,0,0,0
Joleon Lescott,4,0,1,3,0,360,0,0,0,0,0,0
Jon Ansotegi,1,0,1,0,0,90,0,0,0,0,0,0
Jonas,5,2,3,2,0,450,2,0,0,0,0,0
Jonathan,1,0,0,2,0,90,0,0,0,0,0,0
Jonathan Biabiany,3,0,0,5,0,270,0,0,0,0,0,0
Jonathan Ligali,1,0,0,0,0,90,0,0,0,0,0,0
Jonathan Silva,1,0,1,1,0,90,0,0,0,0,0,0
Jonathan Zebina,1,0,2,0,0,90,0,0,0,0,0,0
Jonathan de Guzmán,3,0,2,3,0,270,0,0,0,0,0,0
Jonathan dos Santos,2,0,1,1,0,180,0,0,0,0,0,0
Jonny Evans,11,0,13,11,0,990,1,0,0,0,0,0
Joost Broerse,1,0,3,2,0,90,0,0,0,0,0,0
Jordan Ayew,1,0,1,0,0,90,0,0,0,0,0,0
Jordan Henderson,3,0,6,1,0,270,0,0,0,0,0,0
Jordi Alba,11,1,9,15,0,990,4,0,0,0,0,0
Jores Okore,3,0,6,5,0,270,0,0,0,0,0,0
Jorge Fucile,12,1,30,26,0,1080,0,0,0,0,0,0
Jorge Teixeira,3,0,1,2,0,270,0,0,0,0,0,0
Joris Mathijsen,3,0,4,1,0,270,0,0,0,0,0,0
Joseba Llorente,3,0,3,4,0,270,1,0,0,0,0,0
Joselu,1,0,0,0,0,90,3,0,0,0,0,0
Joseph Enakarhire,2,0,1,4,0,180,0,0,0,0,0,0
Josh McEachran,1,0,0,0,0,90,0,0,0,0,0,0
Joshua John,3,1,1,2,0,270,4,0,0,0,0,0
Josico,1,0,1,0,0,90,0,0,0,0,0,0
Josip Drmic,1,0,1,1,0,90,0,0,0,0,0,0
Josip Pivarić,2,0,0,1,0,180,0,0,0,0,0,0
Josip Šimunić,4,0,3,4,0,360,0,0,0,0,0,0
Josu Sarriegi,5,0,7,5,0,450,0,0,0,0,0,0
Josué,6,1,13,10,0,540,0,0,0,0,0,0
José Antonio Reyes,2,1,1,6,0,180,0,0,0,0,0,0
José Bosingwa,16,1,20,19,0,1440,3,0,0,0,0,0
José Callejón,5,1,0,9,0,450,4,0,0,0,0,0
José Catalá,2,0,5,2,0,180,0,0,0,0,0,0
José Enrique,1,0,1,1,0,90,0,0,0,0,0,0
José Holebas,9,2,9,9,0,810,2,0,0,0,0,0
José Manuel Jurado,9,2,8,11,0,810,1,0,0,0,0,0
José Manuel Pinto,6,0,0,0,0,540,0,0,0,0,0,0
José María Giménez,2,0,2,3,0,180,0,0,0,0,0,0
José Rondón,3,1,0,7,0,270,2,0,0,0,0,0
José Sosa,1,0,0,0,0,90,1,0,0,0,0,0
José Ángel,1,0,1,1,0,90,0,0,0,0,0,0
José Ángel Crespo,1,0,4,1,0,90,1,0,0,0,0,0
Jozef Piaček,2,0,2,1,0,180,0,0,0,0,0,0
João Guilherme,3,0,5,1,0,270,0,0,0,0,0,0
João Moutinho,22,3,39,55,0,1980,1,0,0,0,0,0
João Mário,3,0,7,4,0,270,0,0,0,0,0,0
João Paulo,1,0,1,2,0,90,0,0,0,0,0,0
João Pereira,2,0,6,2,0,180,0,0,0,0,0,0
Joël Matip,13,0,11,7,0,1170,1,0,0,0,0,0
Joël Veltman,5,0,11,6,0,450,0,0,0,0,0,0
Juan,6,0,5,5,0,540,0,0,0,0,0,0
Juan Bernat,5,1,1,7,0,450,2,0,0,0,0,0
Juan Camilo Zúñiga,4,1,5,4,0,360,0,0,0,0,0,0
Juan Carlos Toja,2,0,2,1,0,180,0,0,0,0,0,0
Juan Culio,6,3,16,15,0,540,2,0,0,0,0,0
Juan Insaurralde,2,0,4,1,0,180,0,0,0,0,0,0
Juan Manuel Iturbe,2,2,3,0,0,180,0,0,0,0,0,0
Juan Manuel Vargas,6,3,8,7,0,540,2,0,0,0,0,0
Juan Mata,10,7,8,8,0,900,6,0,0,0,0,0
Juan Pablo Sorín,1,0,1,2,0,90,0,0,0,0,0,0
Juan Quintero,2,1,1,3,0,180,1,0,0,0,0,0
Juan Valera,1,0,1,0,0,90,0,0,0,0,0,0
Juanfran,10,2,7,9,0,900,1,0,0,0,0,0
Juanito,2,0,2,1,0,180,0,0,0,0,0,0
Julian Draxler,9,1,7,6,0,810,2,0,0,0,0,0
Julian Schieber,2,0,2,0,0,180,3,0,0,0,0,0
Juliano Belletti,5,0,6,9,0,450,2,0,0,0,0,0
Julien Escudé,4,0,6,3,0,360,0,0,0,0,0,0
Julien Faubert,2,1,1,3,0,180,0,0,0,0,0,0
Julien Quercia,1,1,2,2,0,90,3,0,0,0,0,0
Julien Rodriguez,2,0,3,0,0,180,0,0,0,0,0,0
Julio Cruz,3,1,10,9,0,270,2,0,0,0,0,0
Julius Aghahowa,1,0,3,0,0,90,1,0,0,0,0,0
Junichi Inamoto,3,0,5,3,0,270,0,0,0,0,0,0
Jurica Vranješ,4,0,7,5,0,360,0,0,0,0,0,0
Jussiê,2,1,3,3,0,180,0,0,0,0,0,0
Justin Hoyte,2,0,0,1,0,180,0,0,0,0,0,0
Jádson,14,3,8,12,0,1260,0,0,0,0,0,0
János Székely,1,0,2,2,0,90,0,0,0,0,0,0
Jérémie Bréchet,3,0,3,0,0,270,0,0,0,0,0,0
Jérémy Berthod,1,0,0,0,0,90,0,0,0,0,0,0
Jérémy Mathieu,8,2,5,10,0,720,0,0,0,0,0,0
Jérémy Morel,6,0,4,3,0,540,0,0,0,0,0,0
Jérémy Ménez,7,3,9,21,0,630,6,0,0,0,0,0
Jérémy Toulalan,22,1,48,32,0,1980,0,0,0,0,0,0
Jérôme Boateng,21,1,20,2,0,1890,0,0,0,0,0,0
Jérôme Rothen,2,0,4,6,0,180,0,0,0,0,0,0
József Varga,2,1,3,5,0,180,0,0,0,0,0,0
Jô,2,0,5,3,0,180,0,0,0,0,0,0
Jörg Butt,11,0,0,0,0,990,0,0,0,0,0,0
Júlio Baptista,7,0,13,13,0,630,1,0,0,0,0,0
Júlio César,31,0,4,9,0,2790,0,0,0,0,0,0
Júlio Sérgio,1,0,0,0,0,90,0,0,0,0,0,0
Júnior Caiçara,3,0,3,3,0,270,2,0,0,0,0,0
Kaan Ayhan,2,1,1,2,0,180,0,0,0,0,0,0
Kader Keïta,5,2,14,10,0,450,1,0,0,0,0,0
Kaja Rogulj,3,0,3,2,0,270,0,0,0,0,0,0
Kakha Kaladze,6,0,5,12,0,540,0,0,0,0,0,0
Kaká,21,7,23,39,0,1890,4,0,0,0,0,0
Kamel Chafni,1,0,1,4,0,90,0,0,0,0,0,0
Kamil Kosowski,1,0,1,3,0,90,2,0,0,0,0,0
Kanu,1,0,0,1,0,90,0,0,0,0,0,0
Karim Bellarabi,4,2,8,2,0,360,3,0,0,0,0,0
Karim Benzema,28,8,24,27,0,2520,28,0,0,0,0,0
Karim Zaza,3,0,0,0,0,270,0,0,0,0,0,0
Karim Ziani,4,0,5,9,0,360,0,0,0,0,0,0
Kasper Bøgelund,3,0,4,2,0,270,0,0,0,0,0,0
Kasper Lorentzen,3,0,1,1,0,270,0,0,0,0,0,0
Kasper Risgård,2,0,0,3,0,180,0,0,0,0,0,0
Kay Voser,3,0,1,3,0,270,0,0,0,0,0,0
Keisuke Honda,5,1,5,12,0,450,1,0,0,0,0,0
Kelvin Wilson,4,0,3,3,0,360,0,0,0,0,0,0
Kennedy Nwanganga,2,0,0,2,0,180,0,0,0,0,0,0
Kenneth Perez,1,0,4,2,0,90,0,0,0,0,0,0
Kenneth Vermeer,6,0,0,1,0,540,0,0,0,0,0,0
Kenny Miller,8,0,13,17,0,720,13,0,0,0,0,0
Kevin De Bruyne,1,0,3,1,0,90,0,0,0,0,0,0
Kevin Grosskreutz,12,1,7,10,0,1080,2,0,0,0,0,0
Kevin Kampl,1,0,1,1,0,90,0,0,0,0,0,0
Kevin Kuranyi,4,1,9,4,0,360,2,0,0,0,0,0
Kevin Mirallas,3,0,6,10,0,270,4,0,0,0,0,0
Kevin Thomson,6,0,16,9,0,540,0,0,0,0,0,0
Kevin-Prince Boateng,16,0,32,31,0,1440,12,0,0,0,0,0
Kew Jaliens,2,0,2,0,0,180,0,0,0,0,0,0
Keylor Navas,1,0,0,0,0,90,0,0,0,0,0,0
Khaleem Hyland,1,0,1,0,0,90,0,0,0,0,0,0
Khalid Boulahrouz,5,0,7,1,0,450,0,0,0,0,0,0
Kieran Gibbs,14,1,13,4,0,1260,0,0,0,0,0,0
Kim Källström,15,2,24,15,0,1350,0,0,0,0,0,0
Kirill Kombarov,1,0,1,0,0,90,0,0,0,0,0,0
Kirill Nababkin,5,0,3,7,0,450,1,0,0,0,0,0
Kirk Broadfoot,2,1,1,6,0,180,0,0,0,0,0,0
Klaas-Jan Huntelaar,12,1,14,19,0,1080,7,0,0,0,0,0
Klemi Saban,1,0,0,0,0,90,0,0,0,0,0,0
Kléber,2,0,3,2,0,180,0,0,0,0,0,0
Koke,11,5,12,14,0,990,0,0,0,0,0,0
Kolbeinn Sigthórsson,5,0,5,4,0,450,2,0,0,0,0,0
Kolo Touré,13,0,7,7,0,1170,0,0,0,0,0,0
Konstantin Zyryanov,7,1,8,7,0,630,0,0,0,0,0,0
Kostas Katsouranis,9,2,11,6,0,810,0,0,0,0,0,0
Kostas Manolas,9,1,7,13,0,810,0,0,0,0,0,0
Kostas Mitroglou,9,2,14,7,0,810,11,0,0,0,0,0
Kris Boyd,1,0,3,0,0,90,2,0,0,0,0,0
Kris Commons,6,0,10,11,0,540,0,0,0,0,0,0
Kurt Zouma,2,0,0,0,0,180,0,0,0,0,0,0
Kwadwo Asamoah,9,2,3,9,0,810,3,0,0,0,0,0
Kyle Hutton,1,0,2,0,0,90,0,0,0,0,0,0
Kyle Lafferty,1,0,1,0,0,90,1,0,0,0,0,0
Kyriakos Papadopoulos,6,0,8,4,0,540,0,0,0,0,0,0
Kévin Constant,5,1,5,4,0,450,2,0,0,0,0,0
Lacina Traoré,3,0,8,8,0,270,10,0,0,0,0,0
Ladislav Volešák,1,0,0,0,0,90,0,0,0,0,0,0
Lamine Gassama,1,0,1,2,0,90,0,0,0,0,0,0
Landry Mulemo,1,0,1,1,0,90,0,0,0,0,0,0
Lars Bender,11,0,29,23,0,990,1,0,0,0,0,0
Lars Hirschfeld,3,0,0,1,0,270,0,0,0,0,0,0
Lars Jacobsen,6,0,1,3,0,540,1,0,0,0,0,0
Lars Unnerstall,3,0,0,0,0,270,0,0,0,0,0,0
Lasha Salukvadze,4,0,5,5,0,360,0,0,0,0,0,0
Lassana Diarra,9,3,29,9,0,810,0,0,0,0,0,0
Lasse Schöne,6,0,3,8,0,540,1,0,0,0,0,0
Laurent Bonnart,7,0,2,11,0,630,0,0,0,0,0,0
Laurent Koscielny,14,0,19,13,0,1260,0,0,0,0,0,0
Laurent Pionnier,1,0,0,0,0,90,0,0,0,0,0,0
Laurenţiu Buş,1,0,1,1,0,90,0,0,0,0,0,0
Laurenţiu Iorga,1,0,3,1,0,90,0,0,0,0,0,0
Layvin Kurzawa,4,0,5,6,0,360,1,0,0,0,0,0
Lazar Marković,2,0,2,1,0,180,0,0,0,0,0,0
Lazaros Christodoulopoulos,1,0,2,5,0,90,1,0,0,0,0,0
Leandro,2,0,4,2,0,180,0,0,0,0,0,0
Leandro Almeida,3,0,6,6,0,270,0,0,0,0,0,0
Leandro Greco,3,0,5,5,0,270,0,0,0,0,0,0
Leandro Grimi,3,0,3,3,0,270,0,0,0,0,0,0
Leandro Romagnoli,6,1,3,5,0,540,0,0,0,0,0,0
Leandro Salino,8,0,12,24,0,720,0,0,0,0,0,0
Ledley King,1,0,2,2,0,90,0,0,0,0,0,0
Lee McCulloch,7,0,8,10,0,630,0,0,0,0,0,0
Lee Naylor,9,1,10,7,0,810,0,0,0,0,0,0
Leo Franco,3,0,0,0,0,270,0,0,0,0,0,0
Leonardo,2,0,1,1,0,180,0,0,0,0,0,0
Leonardo Bonucci,15,0,28,5,0,1350,0,0,0,0,0,0
Leonel Núñez,2,0,2,0,0,180,1,0,0,0,0,0
Lerin Duarte,1,0,2,1,0,90,0,0,0,0,0,0
Lesly de Sa,1,0,0,1,0,90,0,0,0,0,0,0
Levan Kobiashvili,2,0,8,7,0,180,0,0,0,0,0,0
Lewis Holtby,3,2,4,1,0,270,2,0,0,0,0,0
Leyti N'Diaye,1,0,1,1,0,90,0,0,0,0,0,0
Licá,2,0,1,5,0,180,0,0,0,0,0,0
Liedson,9,0,21,17,0,810,15,0,0,0,0,0
Lilian Laslandes,2,0,0,1,0,180,2,0,0,0,0,0
Lilian Thuram,5,0,3,1,0,450,0,0,0,0,0,0
Lima,9,0,8,18,0,810,6,0,0,0,0,0
Lino,1,0,0,5,0,90,0,0,0,0,0,0
Lionel Messi,40,11,33,100,0,3600,19,0,0,0,0,0
Lior Refaelov,1,0,1,1,0,90,1,0,0,0,0,0
Lisandro,22,2,37,71,0,1980,21,0,0,0,0,0
Lisandro López,1,0,1,2,0,90,0,0,0,0,0,0
Liviu Antal,3,1,6,4,0,270,1,0,0,0,0,0
Ljubomir Fejsa,4,0,14,4,0,360,0,0,0,0,0,0
Lomana LuaLua,4,1,14,10,0,360,4,0,0,0,0,0
Lorenzo De Silvestri,2,0,0,0,0,180,0,0,0,0,0,0
Lorenzo Ebecilio,1,0,2,2,0,90,0,0,0,0,0,0
Lorenzo Insigne,1,0,0,1,0,90,1,0,0,0,0,0
Lorenzo Melgarejo,3,1,2,6,0,270,0,0,0,0,0,0
Lorik Cana,6,0,10,5,0,540,0,0,0,0,0,0
Loris Benito,1,0,2,1,0,90,0,0,0,0,0,0
Louis Saha,5,2,7,9,0,450,2,0,0,0,0,0
Loukas Vyntra,7,0,5,7,0,630,0,0,0,0,0,0
Loïc Rémy,7,1,8,6,0,630,3,0,0,0,0,0
Luca Antonini,8,0,4,6,0,720,4,0,0,0,0,0
Luca Castellazzi,3,0,0,0,0,270,0,0,0,0,0,0
Luca Marrone,1,0,1,1,0,90,0,0,0,0,0,0
Luca Toni,5,1,7,18,0,450,10,0,0,0,0,0
Luca Zuffi,3,0,2,6,0,270,0,0,0,0,0,0
Lucas,10,1,13,12,0,900,0,0,0,0,0,0
Lucas Andersen,3,0,2,1,0,270,0,0,0,0,0,0
Lucas Barrios,1,0,0,1,0,90,0,0,0,0,0,0
Lucas Biglia,6,0,10,10,0,540,0,0,0,0,0,0
Lucas Digne,4,1,7,9,0,360,0,0,0,0,0,0
Lucas Mendes,2,0,2,0,0,180,0,0,0,0,0,0
Lucas Ocampos,2,0,2,1,0,180,0,0,0,0,0,0
Lucho González,26,4,39,38,0,2340,3,0,0,0,0,0
Lucian Filip,1,0,2,1,0,90,0,0,0,0,0,0
Luciano Galletti,6,1,4,7,0,540,2,0,0,0,0,0
Luciano Zauri,4,0,3,2,0,360,2,0,0,0,0,0
Lucio Wagner,3,0,3,4,0,270,1,0,0,0,0,0
Ludovic Giuly,4,1,2,2,0,360,1,0,0,0,0,0
Ludovic Magnin,1,1,5,1,0,90,0,0,0,0,0,0
Ludovic Obraniak,2,0,1,2,0,180,2,0,0,0,0,0
Ludovic Sané,2,0,0,0,0,180,0,0,0,0,0,0
Luis Aguiar,2,0,3,1,0,180,0,0,0,0,0,0
Luis García,6,0,9,15,0,540,3,0,0,0,0,0
Luis Ibáñez,5,0,5,9,0,450,0,0,0,0,0,0
Luis Perea,5,0,11,5,0,450,0,0,0,0,0,0
Luis Suárez,7,2,14,24,0,630,9,0,0,0,0,0
Luisão,18,2,21,9,0,1620,0,0,0,0,0,0
Luiz Adriano,19,4,30,27,0,1710,14,0,0,0,0,0
Luiz Gustavo,8,0,19,14,0,720,0,0,0,0,0,0
Luka Milivojević,2,0,5,3,0,180,0,0,0,0,0,0
Luka Modrić,15,5,19,26,0,1350,3,0,0,0,0,0
Luka Zahovič,1,0,0,1,0,90,0,0,0,0,0,0
Lukas Podolski,8,1,12,13,0,720,6,0,0,0,0,0
Lukas Schmitz,3,1,1,3,0,270,0,0,0,0,0,0
Lukasz Sosin,1,0,1,1,0,90,0,0,0,0,0,0
Lukman Haruna,1,0,2,2,0,90,0,0,0,0,0,0
Lukáš Hejda,1,0,0,0,0,90,0,0,0,0,0,0
Luuk de Jong,2,0,4,4,0,180,1,0,0,0,0,0
Luís Alberto,2,0,4,2,0,180,0,0,0,0,0,0
Luís Fabiano,7,2,20,17,0,630,6,0,0,0,0,0
Luís Figo,5,1,13,16,0,450,0,0,0,0,0,0
Luís Filipe,1,0,1,0,0,90,0,0,0,0,0,0
Luís Martins,1,0,1,0,0,90,0,0,0,0,0,0
Luís Neto,1,0,1,0,0,90,0,0,0,0,0,0
László Bodnár,3,1,8,3,0,270,0,0,0,0,0,0
László Köteles,3,0,0,0,0,270,0,0,0,0,0,0
László Sepsi,2,0,0,2,0,180,0,0,0,0,0,0
Léo,6,0,9,10,0,540,0,0,0,0,0,0
Lúcio,21,2,20,42,0,1890,2,0,0,0,0,0
Maarten Martens,2,0,1,0,0,180,0,0,0,0,0,0
Maarten Stekelenburg,3,0,0,1,0,270,0,0,0,0,0,0
Maciej Żurawski,3,0,3,5,0,270,5,0,0,0,0,0
Madjid Bougherra,3,0,2,5,0,270,0,0,0,0,0,0
Magnus Eriksson,3,0,4,10,0,270,0,0,0,0,0,0
Mahamadou Diarra,7,1,10,11,0,630,0,0,0,0,0,0
Maicon,35,2,39,46,0,3150,7,0,0,0,0,0
Makoto Hasebe,2,0,0,1,0,180,0,0,0,0,0,0
Maksim Bordachev,6,0,11,3,0,540,0,0,0,0,0,0
Maksim Kanunnikov,1,0,0,0,0,90,0,0,0,0,0,0
Maksim Shatskikh,4,0,0,5,0,360,3,0,0,0,0,0
Maksim Skavysh,2,0,2,2,0,180,4,0,0,0,0,0
Maksim Volodko,3,0,2,1,0,270,0,0,0,0,0,0
Mamadou Niang,8,1,15,31,0,720,8,0,0,0,0,0
Mamadou Sakho,1,0,1,2,0,90,0,0,0,0,0,0
Mamadou Samassa,1,0,1,0,0,90,0,0,0,0,0,0
Mancini,10,1,6,19,0,900,6,0,0,0,0,0
Maniche,2,0,2,4,0,180,2,0,0,0,0,0
Manuel Almunia,12,0,0,1,0,1080,0,0,0,0,0,0
Manuel Fernandes,1,0,2,3,0,90,0,0,0,0,0,0
Manuel Friedrich,3,0,1,3,0,270,0,0,0,0,0,0
Manuel Iturra,4,2,10,5,0,360,0,0,0,0,0,0
Manuel Neuer,36,0,0,4,0,3240,0,0,0,0,0,0
Manuel Ortlechner,3,0,2,0,0,270,1,0,0,0,0,0
Manuel Pasqual,1,0,1,3,0,90,0,0,0,0,0,0
Manuel da Costa,4,0,9,4,0,360,0,0,0,0,0,0
Mapou Yanga-Mbiwa,5,0,8,4,0,450,0,0,0,0,0,0
Marat Izmailov,6,3,8,4,0,540,0,0,0,0,0,0
Marc Bartra,6,0,2,1,0,540,1,0,0,0,0,0
Marc Janko,3,0,5,4,0,270,5,0,0,0,0,0
Marc Planus,7,0,7,8,0,630,0,0,0,0,0,0
Marc-André ter Stegen,6,0,0,0,0,540,0,0,0,0,0,0
Marcel Schmelzer,14,2,13,14,0,1260,1,0,0,0,0,0
Marcel Schäfer,3,2,4,3,0,270,0,0,0,0,0,0
Marcelinho,3,1,2,3,0,270,1,0,0,0,0,0
Marcell Fodor,2,0,1,0,0,180,0,0,0,0,0,0
Marcelo,27,7,29,52,0,2430,1,0,0,0,0,0
Marcelo Bordon,5,0,7,4,0,450,0,0,0,0,0,0
Marcelo Brozović,3,0,2,4,0,270,0,0,0,0,0,0
Marcelo Carrusca,1,0,0,3,0,90,1,0,0,0,0,0
Marcelo Díaz,1,0,0,0,0,90,0,0,0,0,0,0
Marcelo Mattos,1,0,2,3,0,90,0,0,0,0,0,0
Marcelo Moreno,1,0,1,1,0,90,0,0,0,0,0,0
Marcelo Oliveira,5,0,5,9,0,450,0,0,0,0,0,0
Marcin Wasilewski,1,0,2,0,0,90,0,0,0,0,0,0
Marcinho,2,0,3,5,0,180,0,0,0,0,0,0
Marco Amelia,2,0,0,0,0,180,0,0,0,0,0,0
Marco Ballotta,3,0,0,1,0,270,0,0,0,0,0,0
Marco Borriello,5,0,6,6,0,450,5,0,0,0,0,0
Marco Caneira,7,0,13,12,0,630,0,0,0,0,0,0
Marco Cassetti,10,1,22,19,0,900,0,0,0,0,0,0
Marco Donadel,1,0,1,0,0,90,0,0,0,0,0,0
Marco Estrada,2,0,1,4,0,180,0,0,0,0,0,0
Marco Faraoni,1,0,2,3,0,90,0,0,0,0,0,0
Marco Höger,6,0,14,15,0,540,0,0,0,0,0,0
Marco Marchionni,6,1,8,2,0,540,1,0,0,0,0,0
Marco Materazzi,8,0,13,10,0,720,0,0,0,0,0,0
Marco Motta,1,0,7,4,0,90,0,0,0,0,0,0
Marco Reus,13,3,17,20,0,1170,5,0,0,0,0,0
Marco Ruben,2,0,8,5,0,180,3,0,0,0,0,0
Marco Storari,1,0,0,0,0,90,0,0,0,0,0,0
Marco Streller,13,2,27,23,0,1170,14,0,0,0,0,0
Marco Verratti,7,0,15,22,0,630,0,0,0,0,0,0
Marco van Ginkel,1,0,3,0,0,90,0,0,0,0,0,0
Marcos Camozzato,3,0,3,4,0,270,0,0,0,0,0,0
Marcos Gelabert,1,0,0,2,0,90,0,0,0,0,0,0
Marcos Senna,7,0,12,24,0,630,0,0,0,0,0,0
Marcus Allbäck,2,1,7,5,0,180,3,0,0,0,0,0
Marek Bakoš,4,1,4,2,0,360,6,0,0,0,0,0
Marek Hamšík,5,0,2,4,0,450,2,0,0,0,0,0
Marek Jankulovski,8,0,12,13,0,720,1,0,0,0,0,0
Marek Saganowski,1,0,1,0,0,90,1,0,0,0,0,0
Marek Sapara,3,0,2,4,0,270,0,0,0,0,0,0
Marek Suchý,12,0,11,10,0,1080,0,0,0,0,0,0
Marek Čech,7,0,2,2,0,630,0,0,0,0,0,0
Mariano González,4,0,10,3,0,360,1,0,0,0,0,0
Mariano Pernía,2,1,6,1,0,180,0,0,0,0,0,0
Marinos Satsias,1,0,2,0,0,90,0,0,0,0,0,0
Mario Balotelli,7,2,19,29,0,630,3,0,0,0,0,0
Mario Galinović,3,0,0,0,0,270,0,0,0,0,0,0
Mario Gaspar,2,0,3,1,0,180,0,0,0,0,0,0
Mario Gavranović,1,0,1,6,0,90,1,0,0,0,0,0
Mario Gomez,15,2,24,6,0,1350,13,0,0,0,0,0
Mario Götze,16,4,23,24,0,1440,9,0,0,0,0,0
Mario Lemina,1,0,2,1,0,90,0,0,0,0,0,0
Mario Mandžukić,13,3,29,22,0,1170,6,0,0,0,0,0
Mario Regueiro,1,0,1,4,0,90,0,0,0,0,0,0
Mario Santana,4,1,2,7,0,360,0,0,0,0,0,0
Mario Suárez,6,0,11,11,0,540,0,0,0,0,0,0
Mario Yepes,2,0,3,2,0,180,0,0,0,0,0,0
Marios Antoniades,3,0,2,0,0,270,0,0,0,0,0,0
Marios Ilia,2,0,1,1,0,180,0,0,0,0,0,0
Marius Bilaşco,3,1,10,9,0,270,1,0,0,0,0,0
Marius Croitoru,2,0,2,6,0,180,0,0,0,0,0,0
Marius Pena,2,0,2,3,0,180,3,0,0,0,0,0
Marius Stankevičius,1,0,1,2,0,90,0,0,0,0,0,0
Mariusz Lewandowski,4,0,5,2,0,360,2,0,0,0,0,0
Marián  Čišovský,5,1,4,3,0,450,1,0,0,0,0,0
Marjan Marković,3,0,0,8,0,270,0,0,0,0,0,0
Mark De Man,2,0,0,0,0,180,0,0,0,0,0,0
Mark González,4,0,2,1,0,360,0,0,0,0,0,0
Mark Schwarzer,2,0,0,0,0,180,0,0,0,0,0,0
Mark Wilson,3,1,4,0,0,270,0,0,0,0,0,0
Mark van Bommel,19,1,38,30,0,1710,0,0,0,0,0,0
Markel Bergara,3,0,7,5,0,270,0,0,0,0,0,0
Markel Susaeta,2,1,1,5,0,180,1,0,0,0,0,0
Marko Arnautovic,2,0,4,3,0,180,1,0,0,0,0,0
Marko Baša,5,0,8,4,0,450,0,0,0,0,0,0
Marko Jovanović,3,0,4,5,0,270,0,0,0,0,0,0
Marko Marin,3,0,2,7,0,270,0,0,0,0,0,0
Marko Simić,5,0,6,6,0,450,0,0,0,0,0,0
Marko Stankovic,3,1,3,7,0,270,0,0,0,0,0,0
Markus Halsti,3,0,8,1,0,270,0,0,0,0,0,0
Markus Rosenberg,8,1,11,5,0,720,7,0,0,0,0,0
Markus Steinhöfer,4,0,1,4,0,360,0,0,0,0,0,0
Markus Suttner,3,1,6,1,0,270,0,0,0,0,0,0
Marouane Chamakh,12,0,27,32,0,1080,14,0,0,0,0,0
Marouane Fellaini,2,0,2,3,0,180,0,0,0,0,0,0
Marquinhos,7,0,3,4,0,630,0,0,0,0,0,0
Martin Bergvold,1,0,0,0,0,90,0,0,0,0,0,0
Martin Dúbravka,3,0,0,2,0,270,0,0,0,0,0,0
Martin Jiránek,3,1,2,2,0,270,0,0,0,0,0,0
Martin Jørgensen,1,0,0,1,0,90,0,0,0,0,0,0
Martin Kelly,1,0,0,0,0,90,0,0,0,0,0,0
Martin Latka,1,0,2,0,0,90,0,0,0,0,0,0
Martin Pedersen,3,0,6,1,0,270,0,0,0,0,0,0
Martin Stranzl,4,0,6,7,0,360,0,0,0,0,0,0
Martin Vaniak,2,0,0,1,0,180,0,0,0,0,0,0
Martin Vingaard,3,1,4,6,0,270,0,0,0,0,0,0
Martin Škrtel,9,0,14,6,0,810,0,0,0,0,0,0
Martín Cáceres,6,1,7,6,0,540,0,0,0,0,0,0
Martín Demichelis,20,1,26,15,0,1800,0,0,0,0,0,0
Martín Montoya,3,1,3,3,0,270,0,0,0,0,0,0
Marvin Martin,2,0,2,0,0,180,0,0,0,0,0,0
Massimo Ambrosini,18,2,48,42,0,1620,2,0,0,0,0,0
Massimo Bruno,5,0,2,9,0,450,0,0,0,0,0,0
Massimo Donati,1,1,2,2,0,90,0,0,0,0,0,0
Massimo Gobbi,3,0,6,2,0,270,1,0,0,0,0,0
Massimo Mutarelli,3,0,8,4,0,270,0,0,0,0,0,0
Massimo Oddo,12,1,9,13,0,1080,3,0,0,0,0,0
Mateja Kežman,4,0,5,3,0,360,6,0,0,0,0,0
Mateo Kovačić,4,0,1,1,0,360,0,0,0,0,0,0
Mateo Musacchio,3,0,2,0,0,270,0,0,0,0,0,0
Matheus,3,0,6,10,0,270,0,0,0,0,0,0
Mathias Jørgensen,3,0,1,2,0,270,0,0,0,0,0,0
Mathieu Bodmer,7,1,10,6,0,630,0,0,0,0,0,0
Mathieu Debuchy,5,0,10,6,0,450,2,0,0,0,0,0
Mathieu Flamini,14,1,19,10,0,1260,0,0,0,0,0,0
Mathieu Robail,2,0,2,1,0,180,0,0,0,0,0,0
Mathieu Valbuena,12,1,19,37,0,1080,4,0,0,0,0,0
Matija Nastasić,6,0,2,3,0,540,1,0,0,0,0,0
Mats Hummels,12,0,6,5,0,1080,2,0,0,0,0,0
Matteo Brighi,5,1,8,13,0,450,0,0,0,0,0,0
Matteo Ferrari,7,0,8,7,0,630,0,0,0,0,0,0
Matthias Ginter,1,0,1,2,0,90,0,0,0,0,0,0
Matthieu Chalmé,11,0,13,17,0,990,0,0,0,0,0,0
Matthieu Delpierre,4,0,1,0,0,360,1,0,0,0,0,0
Matthieu Valverde,2,0,0,0,0,180,0,0,0,0,0,0
Mattia De Sciglio,4,0,1,5,0,360,1,0,0,0,0,0
Matuzalém,2,1,2,5,0,180,0,0,0,0,0,0
Matías Aguirregaray,1,0,3,3,0,90,0,0,0,0,0,0
Matías Delgado,4,1,3,8,0,360,1,0,0,0,0,0
Matías Fernández,1,0,0,1,0,90,0,0,0,0,0,0
Matías Suárez,3,0,3,7,0,270,2,0,0,0,0,0
Matúš Kozáčik,3,0,0,0,0,270,0,0,0,0,0,0
Matěj Krajčík,3,0,9,1,0,270,1,0,0,0,0,0
Maurice Edu,2,0,2,0,0,180,0,0,0,0,0,0
Mauricio Isla,1,1,1,0,0,90,0,0,0,0,0,0
Mauro Camoranesi,3,0,2,7,0,270,0,0,0,0,0,0
Mauro Esposito,1,0,0,1,0,90,1,0,0,0,0,0
Mauro Zárate,2,0,2,3,0,180,1,0,0,0,0,0
Maurício,2,0,5,0,0,180,0,0,0,0,0,0
Max Meyer,3,0,0,4,0,270,0,0,0,0,0,0
Max Tonetto,9,1,11,14,0,810,3,0,0,0,0,0
Maxi Pereira,14,1,22,15,0,1260,2,0,0,0,0,0
Maxi Rodríguez,4,1,2,5,0,360,1,0,0,0,0,0
Maxime Gonalons,7,0,14,10,0,630,0,0,0,0,0,0
Maxwell,22,2,6,24,0,1980,3,0,0,0,0,0
Maxym Kalynychenko,1,0,2,2,0,90,0,0,0,0,0,0
Maxym Koval,2,0,0,0,0,180,0,0,0,0,0,0
Mbark Boussoufa,2,1,3,4,0,180,1,0,0,0,0,0
Medhi Benatia,3,0,10,2,0,270,0,0,0,0,0,0
Medo,1,0,2,0,0,90,0,0,0,0,0,0
Mehdi Carcela-González,2,0,3,2,0,180,0,0,0,0,0,0
Mehdi Mahdavikia,2,0,2,6,0,180,0,0,0,0,0,0
Mehmet Aurélio,5,2,13,19,0,450,1,0,0,0,0,0
Mehmet Topal,3,0,4,0,0,270,0,0,0,0,0,0
Mert Nobre,1,0,1,3,0,90,0,0,0,0,0,0
Mesut Özil,25,13,22,42,0,2250,11,0,0,0,0,0
Micah Richards,2,0,7,2,0,180,1,0,0,0,0,0
Michael Ballack,17,1,30,29,0,1530,1,0,0,0,0,0
Michael Beauchamp,1,0,0,0,0,90,0,0,0,0,0,0
Michael Carrick,31,0,25,28,0,2790,1,0,0,0,0,0
Michael Dawson,2,0,2,0,0,180,0,0,0,0,0,0
Michael Essien,21,3,32,38,0,1890,2,0,0,0,0,0
Michael Fink,2,0,1,1,0,180,0,0,0,0,0,0
Michael Gravgaard,3,1,6,0,0,270,0,0,0,0,0,0
Michael Jakobsen,2,0,0,4,0,180,0,0,0,0,0,0
Michael Olaitan,2,1,0,4,0,180,0,0,0,0,0,0
Michael Owen,3,0,1,1,0,270,1,0,0,0,0,0
Michael Parkhurst,3,0,2,2,0,270,0,0,0,0,0,0
Michael Reiziger,2,0,3,1,0,180,0,0,0,0,0,0
Michael Rensing,3,0,0,1,0,270,0,0,0,0,0,0
Michael Silberbauer,3,0,9,10,0,270,0,0,0,0,0,0
Michal Kadlec,4,1,6,3,0,360,0,0,0,0,0,0
Michal Vorel,1,0,0,0,0,90,0,0,0,0,0,0
Michal Ďuriš,2,0,8,1,0,180,2,0,0,0,0,0
Michal Švec,1,0,4,3,0,90,0,0,0,0,0,0
Michalis Konstantinou,2,0,4,1,0,180,3,0,0,0,0,0
Michaël Ciani,5,0,7,3,0,450,0,0,0,0,0,0
Michał Żewłakow,9,0,6,8,0,810,0,0,0,0,0,0
Michel Bastos,12,2,15,18,0,1080,7,0,0,0,0,0
Michel Morganella,1,0,2,3,0,90,0,0,0,0,0,0
Mickaël Landreau,4,0,0,0,0,360,0,0,0,0,0,0
Mickaël Tavares,3,0,5,2,0,270,1,0,0,0,0,0
Miguel,14,1,12,9,0,1260,0,0,0,0,0,0
Miguel Britos,1,0,4,0,0,90,0,0,0,0,0,0
Miguel Garcia,3,0,2,3,0,270,0,0,0,0,0,0
Miguel Pallardó,1,0,6,1,0,90,0,0,0,0,0,0
Miguel Torres,1,0,2,1,0,90,0,0,0,0,0,0
Miguel Veloso,10,0,13,6,0,900,0,0,0,0,0,0
Miguel de las Cuevas,1,0,0,3,0,90,1,0,0,0,0,0
Miguel Ángel Angulo,3,0,5,1,0,270,1,0,0,0,0,0
Miguel Ángel Moyà,5,0,0,0,0,450,0,0,0,0,0,0
Mihai Neşu,3,0,7,4,0,270,1,0,0,0,0,0
Mihai Pintilii,1,0,0,0,0,90,0,0,0,0,0,0
Mihail Alexandrov,3,0,2,3,0,270,0,0,0,0,0,0
Miika Koppinen,1,0,0,2,0,90,0,0,0,0,0,0
Mika Väyrynen,1,0,0,1,0,90,0,0,0,0,0,0
Mikael Antonsson,4,0,2,0,0,360,0,0,0,0,0,0
Mikael Dorsin,3,1,1,0,0,270,0,0,0,0,0,0
Mikael Lustig,7,0,7,6,0,630,0,0,0,0,0,0
Mikael Nilsson,3,0,0,3,0,270,0,0,0,0,0,0
Mikaël Silvestre,7,0,9,3,0,630,0,0,0,0,0,0
Mike Zonneveld,1,0,0,0,0,90,0,0,0,0,0,0
Mikel Arteta,11,0,24,21,0,990,0,0,0,0,0,0
Mikel Balenziaga,3,0,3,2,0,270,0,0,0,0,0,0
Mikel González,3,0,2,2,0,270,0,0,0,0,0,0
Mikel Rico,3,0,4,4,0,270,0,0,0,0,0,0
Mikel San José,2,0,3,1,0,180,0,0,0,0,0,0
Mikhail Gordeichuk,3,0,2,2,0,270,0,0,0,0,0,0
Mikkel Beckmann,2,0,2,4,0,180,0,0,0,0,0,0
Miku,2,0,2,6,0,180,1,0,0,0,0,0
Milan Badelj,3,0,3,5,0,270,0,0,0,0,0,0
Milan Baroš,1,0,1,0,0,90,0,0,0,0,0,0
Milan Gajić,2,0,4,2,0,180,0,0,0,0,0,0
Milan Ivana,1,0,2,1,0,90,0,0,0,0,0,0
Milan Jovanović,6,0,5,8,0,540,1,0,0,0,0,0
Milan Perendija,3,0,7,3,0,270,0,0,0,0,0,0
Milan Petržela,6,0,11,6,0,540,1,0,0,0,0,0
Milan Purović,1,0,4,2,0,90,2,0,0,0,0,0
Milan Smiljanić,1,0,5,0,0,90,0,0,0,0,0,0
Milan Stepanov,3,0,2,2,0,270,1,0,0,0,0,0
Milivoje Vitakić,1,0,2,0,0,90,0,0,0,0,0,0
Miloš Jojić,1,0,0,1,0,90,0,0,0,0,0,0
Miloš Krasić,7,0,3,14,0,630,4,0,0,0,0,0
Miloš Marić,1,0,1,5,0,90,0,0,0,0,0,0
Miloš Ninković,4,0,9,7,0,360,0,0,0,0,0,0
Miralem Pjanić,10,1,8,12,0,900,1,0,0,0,0,0
Miralem Sulejmani,5,0,7,8,0,450,6,0,0,0,0,0
Miranda,10,0,7,9,0,900,0,0,0,0,0,0
Mirel Rădoi,2,0,4,4,0,180,0,0,0,0,0,0
Mirko Vučinić,12,0,15,15,0,1080,15,0,0,0,0,0
Miroslav Klose,9,3,20,21,0,810,8,0,0,0,0,0
Mirsad Mijadinoski,1,0,3,0,0,90,0,0,0,0,0,0
Mitchell Langerak,2,0,0,0,0,180,0,0,0,0,0,0
Mitja Viler,3,0,1,1,0,270,0,0,0,0,0,0
Mladen Krstajić,6,0,6,1,0,540,0,0,0,0,0,0
Modeste M'Bami,2,0,1,1,0,180,0,0,0,0,0,0
Modou Sougou,3,3,12,5,0,270,1,0,0,0,0,0
Mohamed Elneny,5,0,8,6,0,450,0,0,0,0,0,0
Mohamed Salah,4,0,1,9,0,360,1,0,0,0,0,0
Mohamed Sarr,3,0,1,3,0,270,0,0,0,0,0,0
Mohamed Sissoko,8,0,26,14,0,720,0,0,0,0,0,0
Mohamed Tchité,3,0,4,4,0,270,9,0,0,0,0,0
Mohammad Ghadir,2,0,3,1,0,180,2,0,0,0,0,0
Moisés,3,0,6,0,0,270,0,0,0,0,0,0
Momodou Ceesay,2,0,1,0,0,180,1,0,0,0,0,0
Morgan Amalfitano,2,0,4,4,0,180,0,0,0,0,0,0
Morgan De Sanctis,7,0,0,1,0,630,0,0,0,0,0,0
Moritz Leitner,2,0,5,3,0,180,1,0,0,0,0,0
Morten Nordstrand,2,0,3,3,0,180,0,0,0,0,0,0
Mossoró,2,0,0,4,0,180,0,0,0,0,0,0
Mouhamadou Dabo,1,0,2,2,0,90,0,0,0,0,0,0
Mounir El Hamdaoui,5,1,6,4,0,450,9,0,0,0,0,0
Mourad Meghni,1,1,1,1,0,90,0,0,0,0,0,0
Mousa Dembélé,3,0,11,8,0,270,1,0,0,0,0,0
Moussa Sow,3,0,4,0,0,270,4,0,0,0,0,0
Mozart,3,0,2,8,0,270,0,0,0,0,0,0
Mubarak Wakaso,1,0,2,0,0,90,0,0,0,0,0,0
Munir El Haddadi,1,0,0,2,0,90,1,0,0,0,0,0
Mustafa Keçeli,1,0,3,0,0,90,0,0,0,0,0,0
Mykola Ishchenko,3,0,5,1,0,270,0,0,0,0,0,0
Márcio Azevedo,1,0,0,3,0,90,0,0,0,0,0,0
Mário Felgueiras,3,0,0,0,0,270,0,0,0,0,0,0
Mário Fernandes,3,0,7,4,0,270,1,0,0,0,0,0
Mário Pečalka,3,0,2,2,0,270,0,0,0,0,0,0
Mário Sérgio,3,0,1,1,0,270,0,0,0,0,0,0
Míchel Salgado,3,0,5,5,0,270,1,0,0,0,0,0
Nabil Dirar,3,0,3,7,0,270,3,0,0,0,0,0
Naby Sarr,2,0,2,0,0,180,0,0,0,0,0,0
Nacer Chadli,3,0,3,4,0,270,0,0,0,0,0,0
Nacho,4,1,4,2,0,360,0,0,0,0,0,0
Nacho Monreal,4,0,3,4,0,360,0,0,0,0,0,0
Nacho Novo,1,0,1,1,0,90,0,0,0,0,0,0
Nadson,3,0,0,1,0,270,0,0,0,0,0,0
Naldo,8,0,6,3,0,720,0,0,0,0,0,0
Nani,25,7,50,51,0,2250,6,0,0,0,0,0
Ndri Romaric,2,0,0,3,0,180,0,0,0,0,0,0
Neil Lennon,4,0,4,6,0,360,0,0,0,0,0,0
Nejc Skubic,1,0,2,2,0,90,0,0,0,0,0,0
Nektarios Alexandrou,4,1,9,3,0,360,4,0,0,0,0,0
Nelson Benítez,1,0,0,0,0,90,0,0,0,0,0,0
Nelson Rivas,2,0,2,1,0,180,0,0,0,0,0,0
Nemanja Matić,10,1,30,8,0,900,0,0,0,0,0,0
Nemanja Tomić,1,0,1,0,0,90,0,0,0,0,0,0
Nemanja Tubić,2,0,1,0,0,180,0,0,0,0,0,0
Nemanja Vidić,23,0,30,29,0,2070,0,0,0,0,0,0
Nenad Mirosavljević,3,0,4,10,0,270,0,0,0,0,0,0
Nery Castillo,3,0,4,7,0,270,1,0,0,0,0,0
Neven Subotić,14,0,8,4,0,1260,2,0,0,0,0,0
Neymar,11,3,15,41,0,990,5,0,0,0,0,0
Nick Powell,1,0,0,2,0,90,0,0,0,0,0,0
Nick Viergever,2,0,4,1,0,180,0,0,0,0,0,0
Nicklas Bendtner,5,1,7,8,0,450,3,0,0,0,0,0
Nicola Legrottaglie,5,0,4,5,0,450,0,0,0,0,0,0
Nicolae Dică,6,1,11,8,0,540,2,0,0,0,0,0
Nicolae Stanciu,2,0,1,7,0,180,1,0,0,0,0,0
Nicolai Boilesen,5,0,4,6,0,450,0,0,0,0,0,0
Nicolai Jørgensen,3,0,8,1,0,270,0,0,0,0,0,0
Nicolai Stokholm,3,0,4,4,0,270,0,0,0,0,0,0
Nicolas Anelka,12,0,10,14,0,1080,17,0,0,0,0,0
Nicolas Fauvergue,3,1,9,4,0,270,0,0,0,0,0,0
Nicolas Godemèche,1,0,1,0,0,90,0,0,0,0,0,0
Nicolas Lombaerts,15,0,21,12,0,1350,0,0,0,0,0,0
Nicolas Nkoulou,7,0,5,9,0,630,0,0,0,0,0,0
Nicolas Plestan,4,0,4,10,0,360,0,0,0,0,0,0
Nicolás Burdisso,6,0,9,7,0,540,0,0,0,0,0,0
Nicolás Frutos,2,0,6,2,0,180,0,0,0,0,0,0
Nicolás Gaitán,11,3,17,18,0,990,0,0,0,0,0,0
Nicolás Lodeiro,1,0,0,1,0,90,2,0,0,0,0,0
Nicolás Otamendi,9,0,11,5,0,810,0,0,0,0,0,0
Nicolás Pareja,7,0,6,8,0,630,0,0,0,0,0,0
Nicos Katsavakis,3,0,5,4,0,270,1,0,0,0,0,0
Nigel de Jong,8,0,11,8,0,720,0,0,0,0,0,0
Niklas Moisander,10,0,7,0,0,900,0,0,0,0,0,0
Niko Kranjčar,1,0,0,0,0,90,1,0,0,0,0,0
Nikolai Signevich,2,1,6,3,0,180,1,0,0,0,0,0
Nikolaos Frousos,1,0,4,0,0,90,1,0,0,0,0,0
Nikolay Mihaylov,3,0,0,0,0,270,0,0,0,0,0,0
Nikos Georgeas,2,0,3,6,0,180,0,0,0,0,0,0
Nikos Liberopoulos,2,0,2,4,0,180,2,0,0,0,0,0
Nikos Nikolaou,1,0,2,1,0,90,0,0,0,0,0,0
Nikos Spyropoulos,4,0,2,3,0,360,1,0,0,0,0,0
Nilmar,2,0,0,3,0,180,0,0,0,0,0,0
Nir Davidovitch,3,0,0,0,0,270,0,0,0,0,0,0
Nolan Roux,1,0,2,2,0,90,1,0,0,0,0,0
Norbert Mészáros,2,0,1,0,0,180,0,0,0,0,0,0
Nordin Amrabat,5,1,14,12,0,450,3,0,0,0,0,0
Nuno,2,0,0,0,0,180,0,0,0,0,0,0
Nuno André Coelho,3,0,1,2,0,270,0,0,0,0,0,0
Nuno Assis,3,0,6,7,0,270,0,0,0,0,0,0
Nuno Claro,1,0,0,1,0,90,0,0,0,0,0,0
Nuno Gomes,4,1,11,4,0,360,12,0,0,0,0,0
Nuno Morais,11,0,10,11,0,990,0,0,0,0,0,0
Nuri Şahin,7,1,16,6,0,630,1,0,0,0,0,0
Nélson,3,1,2,1,0,270,0,0,0,0,0,0
Obafemi Martins,1,0,0,2,0,90,0,0,0,0,0,0
Ognjen Vukojević,8,1,13,7,0,720,0,0,0,0,0,0
Oguchi Onyewu,1,0,3,0,0,90,0,0,0,0,0,0
Okan Buruk,1,0,2,4,0,90,0,0,0,0,0,0
Ola John,4,1,1,1,0,360,1,0,0,0,0,0
Oleg Shatov,6,0,7,6,0,540,0,0,0,0,0,0
Oleh Dopilka,1,0,1,1,0,90,0,0,0,0,0,0
Oleh Gusev,7,0,8,14,0,630,3,0,0,0,0,0
Olexandr Aliyev,2,0,1,6,0,180,0,0,0,0,0,0
Olexandr Chyzhov,2,0,4,0,0,180,0,0,0,0,0,0
Olexandr Kucher,17,1,24,12,0,1530,0,0,0,0,0,0
Olexandr Rybka,4,0,0,1,0,360,0,0,0,0,0,0
Olexandr Shovkovskiy,7,0,0,1,0,630,0,0,0,0,0,0
Olexiy Gai,4,1,5,8,0,360,1,0,0,0,0,0
Oliver Kahn,5,0,0,1,0,450,0,0,0,0,0,0
Oliver Kirch,2,0,1,2,0,180,1,0,0,0,0,0
Olivier Dacourt,4,0,12,5,0,360,0,0,0,0,0,0
Olivier Deschacht,9,0,7,9,0,810,2,0,0,0,0,0
Olivier Giroud,5,2,16,6,0,450,7,0,0,0,0,0
Olivier Sorin,3,0,0,0,0,270,0,0,0,0,0,0
Olof Mellberg,12,0,12,9,0,1080,0,0,0,0,0,0
Omar Elabdellaoui,3,0,6,1,0,270,1,0,0,0,0,0
Ondřej Čelůstka,3,0,4,2,0,270,0,0,0,0,0,0
Ondřej Šourek,1,0,0,0,0,90,0,0,0,0,0,0
Onyekachi Okonkwo,3,0,5,1,0,270,0,0,0,0,0,0
Oriol Romeu,3,0,2,1,0,270,0,0,0,0,0,0
Oscar,9,2,11,14,0,810,2,0,0,0,0,0
Oscar Wendt,6,0,2,5,0,540,0,0,0,0,0,0
Otman Bakkal,3,0,9,1,0,270,3,0,0,0,0,0
Ovidiu Petre,6,0,14,7,0,540,0,0,0,0,0,0
Owen Hargreaves,7,1,16,10,0,630,1,0,0,0,0,0
Ozan İpek,2,1,4,2,0,180,0,0,0,0,0,0
Pablo Aimar,5,0,10,9,0,450,3,0,0,0,0,0
Pablo Armero,2,0,1,1,0,180,0,0,0,0,0,0
Pablo Brandán,3,0,6,3,0,270,0,0,0,0,0,0
Pablo Contreras,2,0,2,0,0,180,0,0,0,0,0,0
Pablo Hernández,4,1,4,5,0,360,1,0,0,0,0,0
Pablo Ibáñez,3,0,6,5,0,270,0,0,0,0,0,0
Pablo Orbaiz,1,0,3,0,0,90,0,0,0,0,0,0
Pablo Zabaleta,10,0,21,7,0,900,2,0,0,0,0,0
Pajtim Kasami,3,3,4,17,0,270,0,0,0,0,0,0
Panagiotis Lagos,1,0,0,1,0,90,0,0,0,0,0,0
Pantelis Kafes,2,0,5,1,0,180,0,0,0,0,0,0
Pantelis Kapetanos,3,0,1,1,0,270,1,0,0,0,0,0
Paolo Cannavaro,4,0,6,0,0,360,1,0,0,0,0,0
Paolo Castellini,1,0,0,1,0,90,0,0,0,0,0,0
Paolo De Ceglie,1,0,1,4,0,90,0,0,0,0,0,0
Paolo Maldini,6,1,3,7,0,540,0,0,0,0,0,0
Pape Diakhaté,7,0,6,0,0,630,0,0,0,0,0,0
Paraskevas Antzas,3,0,4,0,0,270,0,0,0,0,0,0
Park Ji-Sung,10,0,11,20,0,900,3,0,0,0,0,0
Park Joo Ho,4,0,3,6,0,360,0,0,0,0,0,0
Park Ju-Young,1,0,0,0,0,90,0,0,0,0,0,0
Pato,8,1,6,25,0,720,10,0,0,0,0,0
Patrice Evra,32,2,55,33,0,2880,5,0,0,0,0,0
Patrick Mtiliga,3,2,6,1,0,270,0,0,0,0,0,0
Patrick Müller,2,0,0,1,0,180,0,0,0,0,0,0
Patrick Vieira,3,1,4,5,0,270,0,0,0,0,0,0
Patrick van Aanholt,1,0,0,1,0,90,0,0,0,0,0,0
Patrik Mráz,1,0,0,0,0,90,0,0,0,0,0,0
Paul Caddis,1,0,1,0,0,90,0,0,0,0,0,0
Paul Hartley,6,0,8,2,0,540,0,0,0,0,0,0
Paul Pogba,10,2,18,17,0,900,0,0,0,0,0,0
Paul Scholes,15,3,24,14,0,1350,2,0,0,0,0,0
Paul Telfer,3,0,3,3,0,270,0,0,0,0,0,0
Paulo Assunção,12,0,35,6,0,1080,0,0,0,0,0,0
Paulo Costa,2,0,2,4,0,180,0,0,0,0,0,0
Paulo César,2,0,4,7,0,180,0,0,0,0,0,0
Paulo Ferreira,7,1,5,7,0,630,0,0,0,0,0,0
Paulo Henrique,1,0,3,1,0,90,2,0,0,0,0,0
Paulo Jorge,7,0,6,8,0,630,0,0,0,0,0,0
Paulo Machado,5,0,11,6,0,450,0,0,0,0,0,0
Paulo Oliveira,2,0,2,1,0,180,0,0,0,0,0,0
Paulo Vinícius,2,0,2,0,0,180,0,0,0,0,0,0
Paulão,1,0,2,1,0,90,0,0,0,0,0,0
Pavel Horváth,6,1,8,8,0,540,0,0,0,0,0,0
Pavel Mamaev,6,0,10,6,0,540,1,0,0,0,0,0
Pavel Nedvěd,4,1,3,9,0,360,1,0,0,0,0,0
Pavel Nekhaychik,2,1,5,3,0,180,1,0,0,0,0,0
Pavel Pogrebnyak,5,0,13,7,0,450,7,0,0,0,0,0
Pavol Poliaček,1,0,2,0,0,90,0,0,0,0,0,0
Paweł Golański,1,0,2,0,0,90,0,0,0,0,0,0
Pedro Emanuel,3,0,2,4,0,270,0,0,0,0,0,0
Pedro León,1,0,0,0,0,90,0,0,0,0,0,0
Pedro Mendes,2,0,3,3,0,180,0,0,0,0,0,0
Pedro Rodríguez,22,2,30,30,0,1980,12,0,0,0,0,0
Peer Kluge,2,1,6,2,0,180,0,0,0,0,0,0
Pepe,29,1,26,36,0,2610,3,0,0,0,0,0
Pepe Reina,21,0,0,3,0,1890,0,0,0,0,0,0
Per Ciljan Skjelbred,3,0,1,1,0,270,1,0,0,0,0,0
Per Krøldrup,2,0,4,5,0,180,0,0,0,0,0,0
Per Mertesacker,25,0,13,17,0,2250,0,0,0,0,0,0
Pernambucano Juninho,10,2,21,16,0,900,1,0,0,0,0,0
Perparim Hetemaj,2,1,4,4,0,180,1,0,0,0,0,0
Petar Stojanovič,3,0,4,4,0,270,0,0,0,0,0,0
Peter Crouch,12,3,21,25,0,1080,5,0,0,0,0,0
Peter Odemwingie,4,0,8,7,0,360,3,0,0,0,0,0
Peter Wisgerhof,3,0,0,1,0,270,0,0,0,0,0,0
Petit,4,0,13,9,0,360,0,0,0,0,0,0
Petr Jiráček,3,1,4,6,0,270,0,0,0,0,0,0
Petr Čech,35,0,0,6,0,3150,0,0,0,0,0,0
Petre Marin,7,0,11,8,0,630,0,0,0,0,0,0
Petri Pasanen,6,0,10,3,0,540,1,0,0,0,0,0
Phil Jones,8,1,7,10,0,720,0,0,0,0,0,0
Philipp Bargfrede,2,0,2,2,0,180,0,0,0,0,0,0
Philipp Degen,1,0,1,0,0,90,1,0,0,0,0,0
Philipp Hosiner,3,1,10,5,0,270,3,0,0,0,0,0
Philipp Lahm,43,4,19,28,0,3870,2,0,0,0,0,0
Philipp Wollscheid,1,0,0,1,0,90,0,0,0,0,0,0
Philippe Koch,3,0,2,0,0,270,1,0,0,0,0,0
Philippe Mexès,22,1,37,37,0,1980,1,0,0,0,0,0
Philippe Senderos,4,0,4,3,0,360,0,0,0,0,0,0
Phillip Cocu,4,0,2,0,0,360,0,0,0,0,0,0
Pierre Bengtsson,3,0,0,1,0,270,0,0,0,0,0,0
Pierre Boya,2,0,2,3,0,180,2,0,0,0,0,0
Pierre Højbjerg,1,0,0,1,0,90,0,0,0,0,0,0
Pierre Wome,2,0,2,1,0,180,0,0,0,0,0,0
Pierre-Emerick Aubameyang,5,1,6,4,0,450,2,0,0,0,0,0
Piotr Trochowski,3,1,5,2,0,270,0,0,0,0,0,0
Pizzi,1,0,0,0,0,90,0,0,0,0,0,0
Pontus Farnerud,1,0,0,1,0,90,0,0,0,0,0,0
Pontus Wernbloom,5,0,13,5,0,450,0,0,0,0,0,0
Predrag Djordjević,6,2,6,9,0,540,1,0,0,0,0,0
Predrag Ocokoljić,1,0,1,0,0,90,0,0,0,0,0,0
Pável Pardo,3,1,2,1,0,270,0,0,0,0,0,0
Péter Czvitkovics,3,0,3,2,0,270,0,0,0,0,0,0
Péter Szakály,3,0,3,3,0,270,0,0,0,0,0,0
Quim,7,1,0,1,0,630,0,0,0,0,0,0
Radamel Falcao,4,1,8,6,0,360,4,0,0,0,0,0
Radek Šírl,3,0,3,4,0,270,0,0,0,0,0,0
Radja Nainggolan,3,1,3,5,0,270,0,0,0,0,0,0
Radosav Petrović,3,0,9,3,0,270,0,0,0,0,0,0
Radoslav Kováč,3,0,2,8,0,270,0,0,0,0,0,0
Rafael,11,0,16,23,0,990,1,0,0,0,0,0
Rafael Bastos,4,1,4,5,0,360,2,0,0,0,0,0
Rafael Cabral,1,0,0,0,0,90,0,0,0,0,0,0
Rafael Carioca,3,0,2,4,0,270,0,0,0,0,0,0
Rafael Márquez,13,1,7,23,0,1170,0,0,0,0,0,0
Rafael van der Vaart,8,1,13,19,0,720,1,0,0,0,0,0
Rafał Murawski,1,0,1,0,0,90,0,0,0,0,0,0
Rafik Djebbour,4,1,4,5,0,360,4,0,0,0,0,0
Rafinha,17,1,22,28,0,1530,0,0,0,0,0,0
Ragnar Sigurdsson,3,0,3,1,0,270,0,0,0,0,0,0
Raheem Sterling,3,0,6,10,0,270,6,0,0,0,0,0
Ralf Fährmann,5,0,0,1,0,450,0,0,0,0,0,0
Ramires,16,2,39,20,0,1440,2,0,0,0,0,0
Ramón,1,0,1,1,0,90,0,0,0,0,0,0
Raphael Schäfer,3,0,0,0,0,270,0,0,0,0,0,0
Raphael Wicky,1,0,0,1,0,90,0,0,0,0,0,0
Raphaël Varane,17,1,9,6,0,1530,0,0,0,0,0,0
Rasmus Elm,1,0,0,0,0,90,0,0,0,0,0,0
Rasmus Lindgren,1,0,2,1,0,90,0,0,0,0,0,0
Raul Meireles,20,3,25,20,0,1800,4,0,0,0,0,0
Raúl Albiol,15,0,16,17,0,1350,0,0,0,0,0,0
Raúl Bravo,5,0,6,9,0,450,0,0,0,0,0,0
Raúl García,10,2,29,26,0,900,3,0,0,0,0,0
Raúl González,20,4,39,27,0,1800,11,0,0,0,0,0
Renan Bressan,4,0,9,9,0,360,1,0,0,0,0,0
Renato,3,1,2,3,0,270,1,0,0,0,0,0
Renato Augusto,2,0,1,2,0,180,1,0,0,0,0,0
Reto Zanni,2,0,3,0,0,180,0,0,0,0,0,0
Ricardinho,4,0,3,2,0,360,0,0,0,0,0,0
Ricardo,3,0,0,0,0,270,0,0,0,0,0,0
Ricardo Carvalho,24,1,20,23,0,2160,0,0,0,0,0,0
Ricardo Costa,8,0,5,8,0,720,1,0,0,0,0,0
Ricardo Gomes,3,0,6,8,0,270,0,0,0,0,0,0
Ricardo Kishna,1,1,0,0,0,90,0,0,0,0,0,0
Ricardo Oliveira,2,0,1,4,0,180,2,0,0,0,0,0
Ricardo Osorio,3,0,1,7,0,270,1,0,0,0,0,0
Ricardo Quaresma,11,2,11,46,0,990,4,0,0,0,0,0
Ricardo Rocha,4,0,4,3,0,360,0,0,0,0,0,0
Ricardo van Rhijn,9,2,12,5,0,810,0,0,0,0,0,0
Riccardo Montolivo,10,0,14,9,0,900,1,0,0,0,0,0
Richard Eromoigbe,3,0,4,3,0,270,0,0,0,0,0,0
Richard Foster,2,0,0,3,0,180,0,0,0,0,0,0
Rickie Lambert,1,0,0,1,0,90,1,0,0,0,0,0
Rigobert Song,2,0,3,2,0,180,0,0,0,0,0,0
Rio Ferdinand,28,0,8,7,0,2520,0,0,0,0,0,0
Rio Mavuba,8,0,4,14,0,720,0,0,0,0,0,0
Rivaldo,3,1,2,6,0,270,1,0,0,0,0,0
Roar Strand,2,0,4,5,0,180,0,0,0,0,0,0
Robbie Keane,2,0,0,2,0,180,1,0,0,0,0,0
Robert Lewandowski,19,6,44,46,0,1710,13,0,0,0,0,0
Robert Pirès,2,0,0,1,0,180,0,0,0,0,0,0
Roberto,10,0,0,4,0,900,0,0,0,0,0,0
Roberto Ayala,4,0,7,4,0,360,0,0,0,0,0,0
Roberto Carlos,11,0,11,11,0,990,2,0,0,0,0,0
Roberto De Zerbi,2,0,3,4,0,180,0,0,0,0,0,0
Roberto Hilbert,8,0,16,6,0,720,0,0,0,0,0,0
Roberto Pereyra,2,0,0,3,0,180,0,0,0,0,0,0
Roberto Rosales,3,0,10,2,0,270,1,0,0,0,0,0
Roberto Soldado,11,1,15,15,0,990,5,0,0,0,0,0
Robin Olsen,3,0,0,2,0,270,0,0,0,0,0,0
Robin van Persie,23,4,32,24,0,2070,28,0,0,0,0,0
Robinho,11,4,15,16,0,990,12,0,0,0,0,0
Robinson Zapata,6,0,0,0,0,540,0,0,0,0,0,0
Rod Fanni,5,0,1,3,0,450,0,0,0,0,0,0
Rodolfo,3,0,5,5,0,270,0,0,0,0,0,0
Rodrigo,5,0,9,4,0,450,3,0,0,0,0,0
Rodrigo Tabata,2,0,1,1,0,180,0,0,0,0,0,0
Rodrigo Taddei,12,3,21,14,0,1080,5,0,0,0,0,0
Rodrigo Tello,6,0,6,14,0,540,2,0,0,0,0,0
Roland Juhász,2,0,2,0,0,180,0,0,0,0,0,0
Rolando,11,0,6,3,0,990,1,0,0,0,0,0
Romain Rocchi,1,0,0,0,0,90,0,0,0,0,0,0
Roman Bezjak,2,0,6,3,0,180,3,0,0,0,0,0
Roman Eremenko,9,1,13,7,0,810,3,0,0,0,0,0
Roman Gergel,1,0,1,0,0,90,0,0,0,0,0,0
Roman Hubník,1,0,2,0,0,90,0,0,0,0,0,0
Roman Neustädter,12,0,15,5,0,1080,0,0,0,0,0,0
Roman Pavlyuchenko,6,0,5,9,0,540,3,0,0,0,0,0
Roman Pavlík,1,0,0,0,0,90,0,0,0,0,0,0
Roman Sharonov,3,0,4,1,0,270,0,0,0,0,0,0
Roman Shirokov,10,3,9,10,0,900,3,0,0,0,0,0
Roman Shishkin,3,0,7,6,0,270,0,0,0,0,0,0
Roman Weidenfeller,17,0,0,0,0,1530,0,0,0,0,0,0
Romeo Surdu,1,0,2,1,0,90,2,0,0,0,0,0
Ronald Zubar,3,0,2,3,0,270,0,0,0,0,0,0
Ronaldinho,14,4,19,32,0,1260,2,0,0,0,0,0
Ronny,4,1,4,2,0,360,0,0,0,0,0,0
Ronny Hodel,1,0,1,2,0,90,0,0,0,0,0,0
Ronny Rodelin,1,0,0,3,0,90,1,0,0,0,0,0
Roque Santa Cruz,3,0,1,3,0,270,1,0,0,0,0,0
Ross Turnbull,3,0,0,0,0,270,0,0,0,0,0,0
Roy Carroll,2,0,0,1,0,180,0,0,0,0,0,0
Roy Contout,3,0,3,4,0,270,0,0,0,0,0,0
Roy Makaay,4,0,1,1,0,360,2,0,0,0,0,0
Royston Drenthe,1,0,1,5,0,90,2,0,0,0,0,0
Rubén Baraja,2,0,1,1,0,180,0,0,0,0,0,0
Rubén Pardo,3,0,3,6,0,270,0,0,0,0,0,0
Rui Costa,3,0,7,5,0,270,0,0,0,0,0,0
Rui Patrício,7,0,1,1,0,630,0,0,0,0,0,0
Rui Pedro,1,0,4,2,0,90,0,0,0,0,0,0
Ruslan Rotan,1,0,2,0,0,90,0,0,0,0,0,0
Ruud van Nistelrooy,9,5,10,16,0,810,11,0,0,0,0,0
Ryan Babel,6,1,6,4,0,540,4,0,0,0,0,0
Ryan Bertrand,1,0,0,1,0,90,0,0,0,0,0,0
Ryan Giggs,17,15,9,9,0,1530,3,0,0,0,0,0
Rémy Cabella,3,0,3,5,0,270,2,0,0,0,0,0
Rémy Vercoutre,3,0,0,0,0,270,0,0,0,0,0,0
Róbert Jež,3,1,4,1,0,270,2,0,0,0,0,0
Rúben Amorim,6,0,9,5,0,540,0,0,0,0,0,0
Rúben Micael,3,1,4,9,0,270,0,0,0,0,0,0
Rúben Neves,1,0,0,0,0,90,0,0,0,0,0,0
Rúrik Gíslason,2,1,5,7,0,180,1,0,0,0,0,0
Rüştü Reçber,2,0,0,0,0,180,0,0,0,0,0,0
Răzvan Raţ,19,4,22,9,0,1710,1,0,0,0,0,0
Saber Khalifa,1,1,0,0,0,90,0,0,0,0,0,0
Sabri Sarıoğlu,4,0,3,8,0,360,0,0,0,0,0,0
Sacha Kljestan,4,1,5,5,0,360,0,0,0,0,0,0
Salim Toama,1,0,1,0,0,90,0,0,0,0,0,0
Salomon Kalou,17,2,23,22,0,1530,17,0,0,0,0,0
Salvatore Aronica,4,0,2,11,0,360,1,0,0,0,0,0
Salvatore Bocchetti,3,0,4,1,0,270,0,0,0,0,0,0
Salvatore Sirigu,15,0,1,4,0,1350,0,0,0,0,0,0
Sambou Yatabaré,1,0,2,1,0,90,0,0,0,0,0,0
Sami Hyypiä,7,0,6,4,0,630,0,0,0,0,0,0
Sami Khedira,22,2,16,21,0,1980,2,0,0,0,0,0
Samir Nasri,25,4,25,19,0,2250,9,0,0,0,0,0
Sammir,6,0,4,12,0,540,1,0,0,0,0,0
Samuel Eto'o,25,9,33,28,0,2250,23,0,0,0,0,0
Samuel Inkoom,3,1,6,3,0,270,0,0,0,0,0,0
Sander Boschker,1,0,0,0,0,90,0,0,0,0,0,0
Sandro,1,0,3,0,0,90,0,0,0,0,0,0
Sanel Jahić,1,0,1,2,0,90,0,0,0,0,0,0
Santi Cazorla,13,2,14,28,0,1170,1,0,0,0,0,0
Santiago Cañizares,6,0,0,0,0,540,0,0,0,0,0,0
Santiago Solari,1,0,2,1,0,90,0,0,0,0,0,0
Sascha Kirschstein,2,0,1,0,0,180,0,0,0,0,0,0
Sascha Riether,3,0,2,10,0,270,1,0,0,0,0,0
Savvas Poursaitides,8,0,6,7,0,720,0,0,0,0,0,0
Saúl Ñíguez,2,0,1,4,0,180,1,0,0,0,0,0
Saša Ilić,5,0,8,4,0,450,1,0,0,0,0,0
Saša Papac,8,0,9,2,0,720,0,0,0,0,0,0
Schmitz Rafael,1,0,0,0,0,90,0,0,0,0,0,0
Scott Brown,10,0,25,20,0,900,0,0,0,0,0,0
Scott Chipperfield,3,0,4,2,0,270,0,0,0,0,0,0
Scott McDonald,6,0,15,11,0,540,9,0,0,0,0,0
Scott Wootton,1,0,2,0,0,90,0,0,0,0,0,0
Sead Kolašinac,3,0,4,2,0,270,0,0,0,0,0,0
Seba,1,1,0,3,0,90,0,0,0,0,0,0
Sebastian Boenisch,4,0,3,3,0,360,0,0,0,0,0,0
Sebastian Giovinco,4,0,9,13,0,360,5,0,0,0,0,0
Sebastian Kehl,9,2,17,5,0,810,0,0,0,0,0,0
Sebastian Leto,2,0,6,2,0,180,0,0,0,0,0,0
Sebastian Mielitz,1,0,0,1,0,90,0,0,0,0,0,0
Sebastian Prödl,5,0,10,1,0,450,0,0,0,0,0,0
Sebastian Rode,1,0,1,2,0,90,0,0,0,0,0,0
Sebastiano Siviglia,1,0,1,1,0,90,0,0,0,0,0,0
Sebastián Dubarbier,3,0,1,4,0,270,1,0,0,0,0,0
Sebastián Eguren,4,0,5,5,0,360,0,0,0,0,0,0
Sekou Oliseh,2,0,2,3,0,180,0,0,0,0,0,0
Selçuk İnan,11,2,26,14,0,990,0,0,0,0,0,0
Selçuk Şahin,4,0,7,5,0,360,0,0,0,0,0,0
Semen Fedotov,1,0,1,0,0,90,0,0,0,0,0,0
Semih Kaya,10,0,8,9,0,900,0,0,0,0,0,0
Semih Şentürk,3,0,11,6,0,270,5,0,0,0,0,0
Sercan Yıldırım,2,0,1,1,0,180,0,0,0,0,0,0
Serdar Aziz,1,0,0,1,0,90,0,0,0,0,0,0
Serdar Kurtuluş,2,0,1,1,0,180,1,0,0,0,0,0
Serdar Tasci,6,0,8,10,0,540,0,0,0,0,0,0
Serdar Özkan,5,0,3,8,0,450,2,0,0,0,0,0
Sergei Chepchugov,1,0,0,0,0,90,0,0,0,0,0,0
Sergei Chernik,3,0,1,0,0,270,0,0,0,0,0,0
Sergei Ignashevich,20,2,17,16,0,1800,0,0,0,0,0,0
Sergei Kornilenko,3,0,6,1,0,270,4,0,0,0,0,0
Sergei Krivets,3,0,3,10,0,270,2,0,0,0,0,0
Sergei Parshivlyuk,2,0,4,1,0,180,0,0,0,0,0,0
Sergei Pesyakov,1,0,0,0,0,90,0,0,0,0,0,0
Sergei Ryzhikov,6,0,1,2,0,540,0,0,0,0,0,0
Sergei Semak,4,0,4,1,0,360,1,0,0,0,0,0
Sergei Sosnovski,3,0,7,5,0,270,0,0,0,0,0,0
Sergei Veremko,3,0,0,0,0,270,0,0,0,0,0,0
Sergi Roberto,4,0,1,9,0,360,0,0,0,0,0,0
Sergi Samper,1,0,4,1,0,90,0,0,0,0,0,0
Sergio Agüero,17,2,15,31,0,1530,11,0,0,0,0,0
Sergio Almirón,1,0,0,5,0,90,0,0,0,0,0,0
Sergio Asenjo,3,0,0,0,0,270,0,0,0,0,0,0
Sergio Busquets,30,3,27,58,0,2700,2,0,0,0,0,0
Sergio Canales,1,0,0,0,0,90,1,0,0,0,0,0
Sergio Escudero,1,0,1,1,0,90,0,0,0,0,0,0
Sergio Ramos,37,2,67,52,0,3330,3,0,0,0,0,0
Sergio Romero,3,0,0,0,0,270,0,0,0,0,0,0
Sergio Sánchez,2,0,1,0,0,180,0,0,0,0,0,0
Sergio Vittor,1,0,2,0,0,90,0,0,0,0,0,0
Sergiu Costin,2,0,2,4,0,180,0,0,0,0,0,0
Serhiy Rebrov,2,0,4,3,0,180,2,0,0,0,0,0
Serkan Balcı,3,0,4,5,0,270,0,0,0,0,0,0
Seydou Doumbia,5,0,8,7,0,450,0,0,0,0,0,0
Seydou Keita,14,3,23,32,0,1260,1,0,0,0,0,0
Shaun Maloney,4,1,2,5,0,360,0,0,0,0,0,0
Shaun Wright-Phillips,1,0,0,0,0,90,2,0,0,0,0,0
Shay Abutbul,2,1,5,0,0,180,0,0,0,0,0,0
Shinji Kagawa,8,2,9,1,0,720,4,0,0,0,0,0
Shkelzen Gashi,3,0,2,0,0,270,2,0,0,0,0,0
Shlomi Arbeitman,1,0,0,1,0,90,1,0,0,0,0,0
Shunsuke Nakamura,7,1,3,14,0,630,2,0,0,0,0,0
Sidney Govou,13,4,21,28,0,1170,3,0,0,0,0,0
Sidney Sam,6,1,0,11,0,540,0,0,0,0,0,0
Siem de Jong,9,1,10,14,0,810,1,0,0,0,0,0
Silvan Aegerter,3,0,9,6,0,270,0,0,0,0,0,0
Silvestre Varela,7,0,13,13,0,630,0,0,0,0,0,0
Silvio Meissner,1,0,2,1,0,90,0,0,0,0,0,0
Silvio Proto,7,0,0,0,0,630,0,0,0,0,0,0
Simon Mignolet,3,0,0,0,0,270,0,0,0,0,0,0
Simon Poulsen,1,0,0,0,0,90,0,0,0,0,0,0
Simon Rolfes,8,0,8,7,0,720,0,0,0,0,0,0
Simone Padoin,3,0,4,4,0,270,0,0,0,0,0,0
Simone Perrotta,10,2,13,8,0,900,0,0,0,0,0,0
Simão,15,0,38,29,0,1350,4,0,0,0,0,0
Sinan Bolat,4,0,1,2,0,360,0,0,0,0,0,0
Siniša Dobrašinović,3,0,8,6,0,270,0,0,0,0,0,0
Sintayehu Sallalich,3,0,2,8,0,270,0,0,0,0,0,0
Sixto Peralta,1,0,1,0,0,90,2,0,0,0,0,0
Sofiane Feghouli,6,1,4,9,0,540,0,0,0,0,0,0
Sokratis Papastathopoulos,7,0,12,13,0,630,1,0,0,0,0,0
Sol Campbell,1,0,1,4,0,90,0,0,0,0,0,0
Son Heung-Min,8,2,4,12,0,720,2,0,0,0,0,0
Sorin Frunza,3,0,1,1,0,270,2,0,0,0,0,0
Sorin Ghionea,4,0,5,2,0,360,0,0,0,0,0,0
Sorin Paraschiv,3,0,3,2,0,270,0,0,0,0,0,0
Sotiris Ninis,1,0,1,0,0,90,1,0,0,0,0,0
Souleymane Camara,2,0,2,0,0,180,3,0,0,0,0,0
Souleymane Diamoutene,1,0,2,0,0,90,0,0,0,0,0,0
Souleymane Diawara,15,0,10,10,0,1350,1,0,0,0,0,0
Stanislav Angelov,3,0,2,6,0,270,0,0,0,0,0,0
Stanislav Angelovič,2,0,3,0,0,180,0,0,0,0,0,0
Stanislav Bogush,4,0,0,0,0,360,0,0,0,0,0,0
Stanislav Tecl,2,0,3,2,0,180,2,0,0,0,0,0
Stanislav Vlček,1,0,2,1,0,90,1,0,0,0,0,0
Stathis Aloneftis,2,0,3,4,0,180,0,0,0,0,0,0
Stathis Tavlaridis,3,0,8,2,0,270,0,0,0,0,0,0
Stavros Tziortziopoulos,1,0,3,0,0,90,0,0,0,0,0,0
Steeve Elana,1,0,0,0,0,90,0,0,0,0,0,0
Steeven Langil,1,0,1,1,0,90,0,0,0,0,0,0
Stefan Babović,1,0,5,4,0,90,1,0,0,0,0,0
Stefan Kiessling,10,0,23,21,0,900,11,0,0,0,0,0
Stefan Reinartz,7,0,5,2,0,630,0,0,0,0,0,0
Stefan Savić,1,0,3,3,0,90,0,0,0,0,0,0
Stefan Wächter,1,0,0,0,0,90,0,0,0,0,0,0
Stefano Celozzi,2,0,2,1,0,180,0,0,0,0,0,0
Stefano Denswil,2,0,6,0,0,180,0,0,0,0,0,0
Stefano Mauri,2,0,3,3,0,180,0,0,0,0,0,0
Stefano Sorrentino,3,0,0,1,0,270,0,0,0,0,0,0
Stefano Sturaro,1,0,2,1,0,90,1,0,0,0,0,0
Steffen Iversen,3,0,6,2,0,270,4,0,0,0,0,0
Stelian Stancu,1,0,1,2,0,90,0,0,0,0,0,0
Stephan El Shaarawy,3,1,0,2,0,270,4,0,0,0,0,0
Stephan Lichtsteiner,10,0,9,15,0,900,2,0,0,0,0,0
Stephen Darby,1,0,0,1,0,90,0,0,0,0,0,0
Stephen Makinwa,1,0,0,1,0,90,0,0,0,0,0,0
Stephen McManus,11,0,10,6,0,990,0,0,0,0,0,0
Stergos Marinos,3,0,2,4,0,270,0,0,0,0,0,0
Stevan Jovetić,3,0,5,11,0,270,0,0,0,0,0,0
Steve Finnan,8,1,4,8,0,720,0,0,0,0,0,0
Steve Mandanda,20,0,1,3,0,1800,0,0,0,0,0,0
Steve Olfers,3,0,1,0,0,270,0,0,0,0,0,0
Steven Davis,6,0,4,4,0,540,0,0,0,0,0,0
Steven Defour,8,0,6,1,0,720,0,0,0,0,0,0
Steven Gerrard,22,6,18,23,0,1980,2,0,0,0,0,0
Steven Naismith,5,0,9,21,0,450,2,0,0,0,0,0
Steven Pienaar,1,0,0,0,0,90,0,0,0,0,0,0
Steven Whittaker,8,0,9,10,0,720,1,0,0,0,0,0
Steven Zuber,3,0,1,5,0,270,0,0,0,0,0,0
Stijn Schaars,3,0,5,4,0,270,0,0,0,0,0,0
Stijn Wuytens,1,1,0,0,0,90,0,0,0,0,0,0
Stjepan Tomas,3,0,5,6,0,270,0,0,0,0,0,0
Stéphane Grichting,3,0,0,1,0,270,0,0,0,0,0,0
Stéphane Mbia,5,0,18,15,0,450,1,0,0,0,0,0
Sulley Muntari,10,0,19,10,0,900,6,0,0,0,0,0
Sven Bender,12,0,17,7,0,1080,0,0,0,0,0,0
Svetoslav Dyakov,3,1,1,9,0,270,0,0,0,0,0,0
Sylvinho,6,2,4,2,0,540,0,0,0,0,0,0
Sávio,2,3,1,8,0,180,1,0,0,0,0,0
Sébastien Bassong,1,0,2,2,0,90,0,0,0,0,0,0
Sébastien Frey,6,0,0,0,0,540,0,0,0,0,0,0
Sébastien Pocognoli,2,0,2,3,0,180,0,0,0,0,0,0
Sébastien Puygrenier,1,0,0,1,0,90,0,0,0,0,0,0
Sébastien Squillaci,11,0,6,10,0,990,0,0,0,0,0,0
Sílvio,1,0,2,4,0,90,0,0,0,0,0,0
Sílvio Pereira,2,0,0,1,0,180,0,0,0,0,0,0
Sölvi Ottesen,1,0,3,0,0,90,0,0,0,0,0,0
Søren Christensen,1,0,0,0,0,90,0,0,0,0,0,0
Søren Larsen,1,0,1,3,0,90,0,0,0,0,0,0
Taison,6,0,7,12,0,540,2,0,0,0,0,0
Tal Ben Haim,1,0,1,0,0,90,0,0,0,0,0,0
Talisca,2,0,4,3,0,180,1,0,0,0,0,0
Taras Lutsenko,1,0,0,1,0,90,0,0,0,0,0,0
Taras Mikhalik,10,0,18,13,0,900,0,0,0,0,0,0
Taras Stepanenko,6,0,10,7,0,540,0,0,0,0,0,0
Tardelli Diego,3,0,1,3,0,270,1,0,0,0,0,0
Tarik Sektioui,5,1,4,1,0,450,4,0,0,0,0,0
Tarık Çamdal,2,0,1,2,0,180,0,0,0,0,0,0
Tasos Pantos,4,0,6,12,0,360,0,0,0,0,0,0
Taulant Xhaka,6,0,7,9,0,540,0,0,0,0,0,0
Tavares,3,0,8,4,0,270,6,0,0,0,0,0
Taye Taiwo,14,2,8,14,0,1260,0,0,0,0,0,0
Teemu Pukki,3,0,5,2,0,270,1,0,0,0,0,0
Theo Janssen,6,1,4,2,0,540,0,0,0,0,0,0
Theo Walcott,10,2,7,13,0,900,10,0,0,0,0,0
Thiago Alcántara,7,2,11,18,0,630,0,0,0,0,0,0
Thiago Motta,18,2,32,18,0,1620,2,0,0,0,0,0
Thiago Silva,20,1,16,15,0,1800,0,0,0,0,0,0
Thibaut Courtois,7,0,0,1,0,630,0,0,0,0,0,0
Thierry Henry,14,5,17,23,0,1260,17,0,0,0,0,0
Thimothée Atouba,2,1,7,0,0,180,0,0,0,0,0,0
Thomas Augustinussen,3,0,4,3,0,270,0,0,0,0,0,0
Thomas Buffel,2,0,6,3,0,180,0,0,0,0,0,0
Thomas Delaney,3,0,6,1,0,270,0,0,0,0,0,0
Thomas Enevoldsen,3,0,1,2,0,270,1,0,0,0,0,0
Thomas Gravesen,2,0,9,1,0,180,1,0,0,0,0,0
Thomas Hitzlsperger,2,0,2,2,0,180,0,0,0,0,0,0
Thomas Kaminski,2,0,0,1,0,180,0,0,0,0,0,0
Thomas Kraft,2,0,0,0,0,180,0,0,0,0,0,0
Thomas Murg,1,0,0,1,0,90,1,0,0,0,0,0
Thomas Müller,29,4,26,32,0,2610,10,0,0,0,0,0
Thomas Vermaelen,12,2,16,9,0,1080,1,0,0,0,0,0
Thulani Serero,5,1,3,14,0,450,1,0,0,0,0,0
Tiago,13,0,20,18,0,1170,0,0,0,0,0,0
Tiago Gomes,4,0,4,6,0,360,0,0,0,0,0,0
Tiberiu Bălan,2,0,1,2,0,180,0,0,0,0,0,0
Tiberiu Ghioane,5,1,4,1,0,450,0,0,0,0,0,0
Tijani Belaid,2,0,4,2,0,180,0,0,0,0,0,0
Tim Borowski,3,0,9,2,0,270,0,0,0,0,0,0
Tim Wiese,9,0,1,1,0,810,0,0,0,0,0,0
Timmy Simons,11,0,14,7,0,990,0,0,0,0,0,0
Timo Gebhart,2,1,4,7,0,180,1,0,0,0,0,0
Timo Hildebrand,5,0,0,2,0,450,0,0,0,0,0,0
Timon Wellenreuther,1,0,0,0,0,90,0,0,0,0,0,0
Timothée Kolodziejczak,1,0,1,0,0,90,1,0,0,0,0,0
Tino Costa,8,3,14,11,0,720,0,0,0,0,0,0
Tiémoué Bakayoko,1,0,0,0,0,90,0,0,0,0,0,0
Tobias Linderoth,3,0,3,4,0,270,0,0,0,0,0,0
Tobias Sana,2,0,1,2,0,180,0,0,0,0,0,0
Toby Alderweireld,8,0,4,2,0,720,0,0,0,0,0,0
Tolga Zengin,3,0,0,0,0,270,0,0,0,0,0,0
Tom Cleverley,3,1,1,1,0,270,0,0,0,0,0,0
Tom Huddlestone,3,0,2,3,0,270,0,0,0,0,0,0
Tomasz Kuszczak,6,0,0,0,0,540,0,0,0,0,0,0
Tommaso Rocchi,3,1,3,3,0,270,6,0,0,0,0,0
Tomás Costa,2,0,1,3,0,180,0,0,0,0,0,0
Tomáš Hořava,3,0,1,2,0,270,0,0,0,0,0,0
Tomáš Hubočan,11,2,16,5,0,990,0,0,0,0,0,0
Tomáš Hübschman,19,0,25,14,0,1710,0,0,0,0,0,0
Tomáš Jun,3,0,2,7,0,270,0,0,0,0,0,0
Tomáš Majtán,1,0,1,4,0,90,0,0,0,0,0,0
Tomáš Necid,5,1,7,6,0,450,1,0,0,0,0,0
Tomáš Oravec,3,0,3,5,0,270,5,0,0,0,0,0
Tomáš Rosický,11,1,20,21,0,990,1,0,0,0,0,0
Tomáš Sivok,3,0,6,2,0,270,1,0,0,0,0,0
Tomáš Ujfaluši,4,0,2,3,0,360,0,0,0,0,0,0
Tomáš Vaclík,4,0,0,2,0,360,0,0,0,0,0,0
Tonel,11,1,10,5,0,990,0,0,0,0,0,0
Toni Kroos,25,5,24,37,0,2250,2,0,0,0,0,0
Tony,2,0,3,5,0,180,0,0,0,0,0,0
Tony Sylva,4,0,1,1,0,360,0,0,0,0,0,0
Torsten Frings,10,1,17,18,0,900,0,0,0,0,0,0
Toto Tamuz,2,0,2,4,0,180,4,0,0,0,0,0
Traianos Dellas,4,0,3,4,0,360,1,0,0,0,0,0
Tranquillo Barnetta,1,0,3,0,0,90,0,0,0,0,0,0
Tsepo Masilela,3,0,3,4,0,270,0,0,0,0,0,0
Turgay Bahadır,1,0,1,1,0,90,0,0,0,0,0,0
Túlio De Melo,2,0,0,1,0,180,2,0,0,0,0,0
Ulrich Ramé,4,0,1,0,0,360,0,0,0,0,0,0
Umut Bulut,4,0,4,4,0,360,0,0,0,0,0,0
Urby Emanuelson,8,0,7,8,0,720,1,0,0,0,0,0
Urko Pardo,5,0,0,0,0,450,0,0,0,0,0,0
Uğur Boral,5,1,10,5,0,450,1,0,0,0,0,0
Uğur İnceman,1,0,1,1,0,90,0,0,0,0,0,0
Valentin Badea,4,0,7,9,0,360,7,0,0,0,0,0
Valentin Belkevich,1,1,0,2,0,90,0,0,0,0,0,0
Valentin Stocker,6,1,13,9,0,540,1,0,0,0,0,0
Valeri Domovchiyski,1,0,0,0,0,90,2,0,0,0,0,0
Valerio Virga,1,0,3,0,0,90,1,0,0,0,0,0
Valeriu Bordeanu,2,0,4,1,0,180,0,0,0,0,0,0
Valon Behrami,5,0,10,15,0,450,0,0,0,0,0,0
Valter Birsa,4,0,2,4,0,360,0,0,0,0,0,0
Vandinho,3,0,10,1,0,270,0,0,0,0,0,0
Vangelis Mantzios,3,0,15,10,0,270,4,0,0,0,0,0
Vangelis Moras,2,0,0,1,0,180,0,0,0,0,0,0
Vasile Maftei,3,0,1,0,0,270,0,0,0,0,0,0
Vasili Berezutski,19,0,15,5,0,1710,0,0,0,0,0,0
Vasilis Torosidis,12,1,16,14,0,1080,1,0,0,0,0,0
Vasyl Kobin,2,0,5,6,0,180,0,0,0,0,0,0
Vedran Ćorluka,3,1,3,1,0,270,0,0,0,0,0,0
Veniamin Mandrykin,2,0,0,0,0,180,0,0,0,0,0,0
Veysel Sarı,1,0,1,1,0,90,0,0,0,0,0,0
Vicente,2,0,1,5,0,180,0,0,0,0,0,0
Vicente Guaita,5,0,0,1,0,450,0,0,0,0,0,0
Victor Moses,1,1,0,2,0,90,2,0,0,0,0,0
Victor Wanyama,3,0,8,6,0,270,2,0,0,0,0,0
Victoraş Iacob,1,0,0,3,0,90,1,0,0,0,0,0
Vidar Riseth,3,0,9,6,0,270,0,0,0,0,0,0
Viktor Fayzulin,11,1,17,19,0,990,2,0,0,0,0,0
Viktor Fischer,2,0,0,0,0,180,0,0,0,0,0,0
Vincent Aboubakar,2,0,1,3,0,180,3,0,0,0,0,0
Vincent Enyeama,4,0,0,0,0,360,0,0,0,0,0,0
Vincent Kompany,14,0,16,2,0,1260,0,0,0,0,0,0
Vincent Laban,3,0,5,5,0,270,0,0,0,0,0,0
Vincenzo Iaquinta,2,0,2,4,0,180,2,0,0,0,0,0
Vinicius,3,0,6,4,0,270,0,0,0,0,0,0
Virgil Misidjan,1,0,0,5,0,90,1,0,0,0,0,0
Virgil Van Dijk,3,0,4,2,0,270,1,0,0,0,0,0
Vitali Gaiduchik,1,0,2,0,0,90,0,0,0,0,0,0
Vitali Kaleshin,4,0,6,7,0,360,1,0,0,0,0,0
Vitali Kazantsev,2,0,3,1,0,180,0,0,0,0,0,0
Vitali Rodionov,7,0,20,20,0,630,7,0,0,0,0,0
Vito Mannone,3,0,0,0,0,270,0,0,0,0,0,0
Vlada Avramov,1,0,0,0,0,90,0,0,0,0,0,0
Vladimer Dvalishvili,3,0,1,1,0,270,4,0,0,0,0,0
Vladimir Bystrov,4,1,4,9,0,360,1,0,0,0,0,0
Vladimir Gabulov,3,0,0,0,0,270,0,0,0,0,0,0
Vladimir Rzhevski,2,0,0,1,0,180,0,0,0,0,0,0
Vladimir Stojković,4,0,0,0,0,360,0,0,0,0,0,0
Vladimír Leitner,1,0,2,1,0,90,0,0,0,0,0,0
Vladimír Weiss,3,1,3,7,0,270,0,0,0,0,0,0
Vladimír Šmicer,2,0,5,3,0,180,1,0,0,0,0,0
Vladislav Stoyanov,3,0,0,1,0,270,0,0,0,0,0,0
Vladyslav Vaschuk,2,0,2,1,0,180,0,0,0,0,0,0
Volkan Demirel,8,0,1,0,0,720,0,0,0,0,0,0
Volkan Şen,2,0,3,9,0,180,1,0,0,0,0,0
Volodymyr Yezerskiy,1,0,0,0,0,90,0,0,0,0,0,0
Vukašin Poleksić,3,0,0,0,0,270,0,0,0,0,0,0
Vurnon Anita,4,0,1,3,0,360,0,0,0,0,0,0
Vyacheslav Malafeev,9,0,0,0,0,810,0,0,0,0,0,0
Vyacheslav Shevchuk,8,0,11,10,0,720,1,0,0,0,0,0
Václav Pilař,3,0,6,2,0,270,1,0,0,0,0,0
Václav Procházka,3,0,9,1,0,270,1,0,0,0,0,0
Vágner Love,7,2,10,16,0,630,5,0,0,0,0,0
Víctor Ruiz,4,0,6,2,0,360,0,0,0,0,0,0
Víctor Sánchez,2,0,1,2,0,180,0,0,0,0,0,0
Víctor Valdés,39,0,1,4,0,3510,0,0,0,0,0,0
Víctor Vázquez,1,0,2,3,0,90,0,0,0,0,0,0
Walid Badier,2,0,2,2,0,180,0,0,0,0,0,0
Wallace,2,0,2,0,0,180,0,0,0,0,0,0
Walter Gargano,4,0,8,6,0,360,0,0,0,0,0,0
Walter Samuel,14,0,18,6,0,1260,0,0,0,0,0,0
Wayne Bridge,4,0,4,2,0,360,0,0,0,0,0,0
Wayne Rooney,31,9,26,36,0,2790,14,0,0,0,0,0
Weligton,5,0,6,3,0,450,0,0,0,0,0,0
Welliton,3,0,4,2,0,270,3,0,0,0,0,0
Wendel,9,4,18,28,0,810,2,0,0,0,0,0
Wendell,4,0,10,5,0,360,0,0,0,0,0,0
Wes Brown,12,1,17,17,0,1080,0,0,0,0,0,0
Wesley,2,1,1,5,0,180,0,0,0,0,0,0
Wesley Sneijder,27,7,21,53,0,2430,6,0,0,0,0,0
Wilfried Dalmat,2,0,3,6,0,180,0,0,0,0,0,0
William Boaventura,3,0,4,4,0,270,0,0,0,0,0,0
William Carvalho,3,0,5,5,0,270,0,0,0,0,0,0
William Gallas,18,1,7,15,0,1620,4,0,0,0,0,0
William Kvist,5,0,11,4,0,450,0,0,0,0,0,0
Willian,20,2,25,32,0,1800,3,0,0,0,0,0
Willy Caballero,4,0,0,0,0,360,0,0,0,0,0,0
Willy Sagnol,4,2,6,5,0,360,1,0,0,0,0,0
Wojciech Kowalewski,2,0,0,1,0,180,0,0,0,0,0,0
Wojciech Szczęsny,13,0,2,1,0,1170,0,0,0,0,0,0
Wout Brama,3,0,5,3,0,270,0,0,0,0,0,0
Xabi Alonso,37,3,50,35,0,3330,0,0,0,0,0,0
Xabi Prieto,1,0,1,6,0,90,0,0,0,0,0,0
Xavi Hernández,38,17,12,44,0,3420,1,0,0,0,0,0
Xavier Margairaz,2,0,1,5,0,180,2,0,0,0,0,0
Xherdan Shaqiri,7,2,4,23,0,630,0,0,0,0,0,0
Yacine Brahimi,4,2,4,8,0,360,0,0,0,0,0,0
Yaniv Katan,2,0,4,2,0,180,2,0,0,0,0,0
Yann Sommer,7,0,0,3,0,630,0,0,0,0,0,0
Yannick Carrasco,3,1,5,5,0,270,4,0,0,0,0,0
Yannick Djaló,5,0,12,6,0,450,2,0,0,0,0,0
Yaroslav Rakitskiy,17,2,16,25,0,1530,0,0,0,0,0,0
Yasin Çakmak,2,0,6,0,0,180,0,0,0,0,0,0
Yavuz Özkan,1,0,0,0,0,90,0,0,0,0,0,0
Yaya Sanogo,2,0,5,2,0,180,2,0,0,0,0,0
Yaya Touré,24,1,41,28,0,2160,1,0,0,0,0,0
Yegor Filipenko,6,0,2,1,0,540,0,0,0,0,0,0
Yegor Titov,3,0,5,8,0,270,1,0,0,0,0,0
Yevhen Khacheridi,5,0,5,8,0,450,0,0,0,0,0,0
Yoan Gouffran,2,0,3,4,0,180,1,0,0,0,0,0
Yoann Gourcuff,15,1,31,26,0,1350,3,0,0,0,0,0
Yohan Cabaye,3,1,4,6,0,270,0,0,0,0,0,0
Yordan Minev,3,0,3,2,0,270,1,0,0,0,0,0
Yossi Benayoun,6,2,3,5,0,540,1,0,0,0,0,0
Younes Belhanda,2,0,5,4,0,180,0,0,0,0,0,0
Younès Kaboul,2,0,1,1,0,180,0,0,0,0,0,0
Youri Tielemans,5,0,14,5,0,450,0,0,0,0,0,0
Youssef Toutouh,2,0,3,2,0,180,0,0,0,0,0,0
Yssouf Koné,5,1,5,7,0,450,4,0,0,0,0,0
Yuri Lodygin,7,0,0,1,0,630,0,0,0,0,0,0
Yuri Zhevnov,1,0,0,0,0,90,0,0,0,0,0,0
Yuri Zhirkov,12,2,23,16,0,1080,2,0,0,0,0,0
Yuto Nagatomo,3,0,8,5,0,270,0,0,0,0,0,0
Yves Vanderhaeghe,2,0,1,0,0,180,0,0,0,0,0,0
Yıldıray Baştürk,1,0,0,3,0,90,2,0,0,0,0,0
Zdeněk Grygera,4,0,0,4,0,360,0,0,0,0,0,0
Zdeněk Pospěch,4,0,1,2,0,360,0,0,0,0,0,0
Zdeněk Šenkeřík,2,0,3,7,0,180,2,0,0,0,0,0
Zdravko Kuzmanović,3,0,2,3,0,270,0,0,0,0,0,0
Zeljko Kalac,4,0,0,0,0,360,0,0,0,0,0,0
Zhivko Milanov,3,0,4,3,0,270,2,0,0,0,0,0
Zlatan Bajramović,2,0,7,1,0,180,0,0,0,0,0,0
Zlatan Ibrahimović,33,9,83,44,0,2970,49,0,0,0,0,0
Zoltán Kiss,3,0,4,2,0,270,0,0,0,0,0,0
Zoltán Szélesi,1,0,5,4,0,90,0,0,0,0,0,0
Zoran Ljubinković,1,0,2,1,0,90,0,0,0,0,0,0
Zoran Tošić,7,1,4,12,0,630,1,0,0,0,0,0
Zsolt Laczkó,2,0,5,6,0,180,0,0,0,0,0,0
Zvjezdan Misimović,3,1,2,2,0,270,0,0,0,0,0,0
Zé Roberto,5,2,1,5,0,450,2,0,0,0,0,0
Zóltan Nagy,1,0,0,0,0,90,0,0,0,0,0,0
Ádám Komlósi,2,0,4,1,0,180,0,0,0,0,0,0
Ádám Szalai,1,0,1,2,0,90,0,0,0,0,0,0
Álvaro Arbeloa,28,2,43,34,0,2520,5,0,0,0,0,0
Álvaro Domínguez,3,0,1,1,0,270,0,0,0,0,0,0
Álvaro Mejía,1,0,2,2,0,90,0,0,0,0,0,0
Álvaro Morata,6,1,5,12,0,540,3,0,0,0,0,0
Álvaro Negredo,2,0,5,0,0,180,1,0,0,0,0,0
Álvaro Pereira,10,0,9,7,0,900,1,0,0,0,0,0
Álvaro Recoba,1,1,0,0,0,90,2,0,0,0,0,0
Ángel Di María,18,8,11,21,0,1620,6,0,0,0,0,0
Ángel López,5,1,7,6,0,450,1,0,0,0,0,0
Éder,3,0,5,4,0,270,1,0,0,0,0,0
Édouard Cissé,7,0,10,4,0,630,0,0,0,0,0,0
Éric Abidal,21,1,16,10,0,1890,3,0,0,0,0,0
Éver Banega,6,0,3,8,0,540,0,0,0,0,0,0
Óliver Torres,2,1,3,2,0,180,0,0,0,0,0,0
Óscar Cardozo,11,1,13,9,0,990,3,0,0,0,0,0
Óscar González,2,1,1,2,0,180,0,0,0,0,0,0
Óscar de Marcos,3,0,6,1,0,270,1,0,0,0,0,0
Ömer Erdoğan,2,0,0,0,0,180,0,0,0,0,0,0
Ömer Toprak,10,0,11,2,0,900,0,0,0,0,0,0
Önder Turacı,2,0,1,1,0,180,0,0,0,0,0,0
Ümit Karan,3,1,3,4,0,270,3,0,0,0,0,0
İbrahim Akın,1,0,1,0,0,90,0,0,0,0,0,0
İbrahim Kaş,3,0,6,3,0,270,1,0,0,0,0,0
İbrahim Toraman,4,0,4,5,0,360,0,0,0,0,0,0
İbrahim Öztürk,1,0,0,0,0,90,0,0,0,0,0,0
İbrahim Üzülmez,6,2,7,4,0,540,1,0,0,0,0,0
İlkay Gündoğan,9,0,2,7,0,810,0,0,0,0,0,0
Ľubomír Guldan,2,0,2,1,0,180,0,0,0,0,0,0
Łukasz Fabiański,4,0,0,0,0,360,0,0,0,0,0,0
Łukasz Piszczek,12,2,10,7,0,1080,0,0,0,0,0,0
Łukasz Szukała,3,0,3,1,0,270,1,0,0,0,0,0
Šime Vrsaljko,3,0,7,5,0,270,0,0,0,0,0,0
Željko Filipović,3,0,3,1,0,270,0,0,0,0,0,0
